brand,buy_price,sell_price,date
SJC,168500,171500,2026-04-09 14:56:53
DOJI HN,168500,171500,2026-04-09 14:56:53
DOJI SG,168500,171500,2026-04-09 14:56:53
BTMH,167500,171500,2026-04-09 14:56:53
BTMC SJC,168500,171500,2026-04-09 14:56:53
Phú Qúy SJC,168300,171500,2026-04-09 14:56:53
PNJ TP.HCM,168000,171000,2026-04-09 14:56:53
PNJ Hà Nội,168000,171000,2026-04-09 14:56:53
SJC,169700,172700,2026-04-10 04:09:19
DOJI HN,169700,172700,2026-04-10 04:09:19
DOJI SG,169700,172700,2026-04-10 04:09:19
BTMH,169700,172700,2026-04-10 04:09:19
BTMC SJC,169700,172700,2026-04-10 04:09:19
Phú Qúy SJC,169700,172700,2026-04-10 04:09:19
PNJ TP.HCM,169200,172200,2026-04-10 04:09:19
PNJ Hà Nội,169200,172200,2026-04-10 04:09:19
SJC,169700,172700,2026-04-10 06:54:17
DOJI HN,169700,172700,2026-04-10 06:54:17
DOJI SG,169700,172700,2026-04-10 06:54:17
BTMH,169700,172700,2026-04-10 06:54:17
BTMC SJC,169700,172700,2026-04-10 06:54:17
Phú Qúy SJC,169700,172700,2026-04-10 06:54:17
PNJ TP.HCM,169200,172200,2026-04-10 06:54:17
PNJ Hà Nội,169200,172200,2026-04-10 06:54:17
SJC,169700,172700,2026-04-10 10:10:21
DOJI HN,169700,172700,2026-04-10 10:10:21
DOJI SG,169700,172700,2026-04-10 10:10:21
BTMH,169700,172700,2026-04-10 10:10:21
BTMC SJC,169700,172700,2026-04-10 10:10:21
Phú Qúy SJC,169700,172700,2026-04-10 10:10:21
PNJ TP.HCM,169200,172200,2026-04-10 10:10:21
PNJ Hà Nội,169200,172200,2026-04-10 10:10:21
SJC,169700,172700,2026-04-10 14:17:59
DOJI HN,169700,172700,2026-04-10 14:17:59
DOJI SG,169700,172700,2026-04-10 14:17:59
BTMH,169700,172700,2026-04-10 14:17:59
BTMC SJC,169700,172700,2026-04-10 14:17:59
Phú Qúy SJC,169700,172700,2026-04-10 14:17:59
PNJ TP.HCM,169200,172200,2026-04-10 14:17:59
PNJ Hà Nội,169200,172200,2026-04-10 14:17:59
SJC,169400,172400,2026-04-11 03:38:53
DOJI HN,169400,172400,2026-04-11 03:38:53
DOJI SG,169400,172400,2026-04-11 03:38:53
BTMH,169400,172400,2026-04-11 03:38:53
BTMC SJC,169400,172400,2026-04-11 03:38:53
Phú Qúy SJC,169400,172400,2026-04-11 03:38:53
PNJ TP.HCM,169200,172200,2026-04-11 03:38:53
PNJ Hà Nội,169200,172200,2026-04-11 03:38:53
SJC,169400,172400,2026-04-11 06:03:22
DOJI HN,169400,172400,2026-04-11 06:03:22
DOJI SG,169400,172400,2026-04-11 06:03:22
BTMH,169400,172400,2026-04-11 06:03:22
BTMC SJC,169400,172400,2026-04-11 06:03:22
Phú Qúy SJC,169400,172400,2026-04-11 06:03:22
PNJ TP.HCM,169200,172200,2026-04-11 06:03:22
PNJ Hà Nội,169200,172200,2026-04-11 06:03:22
SJC,169400,172400,2026-04-11 09:46:36
DOJI HN,169400,172400,2026-04-11 09:46:36
DOJI SG,169400,172400,2026-04-11 09:46:36
BTMH,169400,172400,2026-04-11 09:46:36
BTMC SJC,169400,172400,2026-04-11 09:46:36
Phú Qúy SJC,169400,172400,2026-04-11 09:46:36
PNJ TP.HCM,169200,172200,2026-04-11 09:46:36
PNJ Hà Nội,169200,172200,2026-04-11 09:46:36
SJC,169400,172400,2026-04-11 13:57:29
DOJI HN,169400,172400,2026-04-11 13:57:29
DOJI SG,169400,172400,2026-04-11 13:57:29
BTMH,169400,172400,2026-04-11 13:57:29
BTMC SJC,169400,172400,2026-04-11 13:57:29
Phú Qúy SJC,169400,172400,2026-04-11 13:57:29
PNJ TP.HCM,169200,172200,2026-04-11 13:57:29
PNJ Hà Nội,169200,172200,2026-04-11 13:57:29
SJC,169400,172400,2026-04-12 04:12:19
DOJI HN,169400,172400,2026-04-12 04:12:19
DOJI SG,169400,172400,2026-04-12 04:12:19
BTMH,169400,172400,2026-04-12 04:12:19
BTMC SJC,169400,172400,2026-04-12 04:12:19
Phú Qúy SJC,169400,172400,2026-04-12 04:12:19
PNJ TP.HCM,169200,172200,2026-04-12 04:12:19
PNJ Hà Nội,169200,172200,2026-04-12 04:12:19
SJC,169400,172400,2026-04-12 06:24:16
DOJI HN,169400,172400,2026-04-12 06:24:16
DOJI SG,169400,172400,2026-04-12 06:24:16
BTMH,169400,172400,2026-04-12 06:24:16
BTMC SJC,169400,172400,2026-04-12 06:24:16
Phú Qúy SJC,169400,172400,2026-04-12 06:24:16
PNJ TP.HCM,169200,172200,2026-04-12 06:24:16
PNJ Hà Nội,169200,172200,2026-04-12 06:24:16
SJC,169400,172400,2026-04-12 09:50:40
DOJI HN,169400,172400,2026-04-12 09:50:40
DOJI SG,169400,172400,2026-04-12 09:50:40
BTMH,169400,172400,2026-04-12 09:50:40
BTMC SJC,169400,172400,2026-04-12 09:50:40
Phú Qúy SJC,169400,172400,2026-04-12 09:50:40
PNJ TP.HCM,169200,172200,2026-04-12 09:50:40
PNJ Hà Nội,169200,172200,2026-04-12 09:50:40
SJC,169400,172400,2026-04-12 14:00:53
DOJI HN,169400,172400,2026-04-12 14:00:53
DOJI SG,169400,172400,2026-04-12 14:00:53
BTMH,169400,172400,2026-04-12 14:00:53
BTMC SJC,169400,172400,2026-04-12 14:00:53
Phú Qúy SJC,169400,172400,2026-04-12 14:00:53
PNJ TP.HCM,169200,172200,2026-04-12 14:00:53
PNJ Hà Nội,169200,172200,2026-04-12 14:00:53
SJC,168500,171500,2026-04-13 04:21:40
DOJI HN,168500,171500,2026-04-13 04:21:40
DOJI SG,168500,171500,2026-04-13 04:21:40
BTMH,168500,171500,2026-04-13 04:21:40
BTMC SJC,168500,171500,2026-04-13 04:21:40
Phú Qúy SJC,168500,171500,2026-04-13 04:21:40
PNJ TP.HCM,168200,171200,2026-04-13 04:21:40
PNJ Hà Nội,168200,171200,2026-04-13 04:21:40
SJC,168500,171500,2026-04-13 07:15:57
DOJI HN,168500,171500,2026-04-13 07:15:57
DOJI SG,168500,171500,2026-04-13 07:15:57
BTMH,168500,171500,2026-04-13 07:15:57
BTMC SJC,168500,171500,2026-04-13 07:15:57
Phú Qúy SJC,168500,171500,2026-04-13 07:15:57
PNJ TP.HCM,168200,171200,2026-04-13 07:15:57
PNJ Hà Nội,168200,171200,2026-04-13 07:15:57
SJC,168500,171500,2026-04-13 10:49:46
DOJI HN,168500,171500,2026-04-13 10:49:46
DOJI SG,168500,171500,2026-04-13 10:49:46
BTMH,168500,171500,2026-04-13 10:49:46
BTMC SJC,168500,171500,2026-04-13 10:49:46
Phú Qúy SJC,168500,171500,2026-04-13 10:49:46
PNJ TP.HCM,168200,171200,2026-04-13 10:49:46
PNJ Hà Nội,168200,171200,2026-04-13 10:49:46
SJC,168500,171500,2026-04-13 14:52:56
DOJI HN,168500,171500,2026-04-13 14:52:56
DOJI SG,168500,171500,2026-04-13 14:52:56
BTMH,168500,171500,2026-04-13 14:52:56
BTMC SJC,168500,171500,2026-04-13 14:52:56
Phú Qúy SJC,168500,171500,2026-04-13 14:52:56
PNJ TP.HCM,168200,171200,2026-04-13 14:52:56
PNJ Hà Nội,168200,171200,2026-04-13 14:52:56
SJC,170500,173000,2026-04-14 04:10:41
DOJI HN,170500,173000,2026-04-14 04:10:41
DOJI SG,170500,173000,2026-04-14 04:10:41
BTMH,169700,172700,2026-04-14 04:10:41
BTMC SJC,170000,173000,2026-04-14 04:10:41
Phú Qúy SJC,170000,173000,2026-04-14 04:10:41
PNJ TP.HCM,169700,172700,2026-04-14 04:10:41
PNJ Hà Nội,169700,172700,2026-04-14 04:10:41
SJC,170500,173000,2026-04-14 06:53:49
DOJI HN,170500,173000,2026-04-14 06:53:49
DOJI SG,170500,173000,2026-04-14 06:53:49
BTMH,169700,172700,2026-04-14 06:53:49
BTMC SJC,170000,173000,2026-04-14 06:53:49
Phú Qúy SJC,170000,173000,2026-04-14 06:53:49
PNJ TP.HCM,169700,172700,2026-04-14 06:53:49
PNJ Hà Nội,169700,172700,2026-04-14 06:53:49
SJC,170500,173000,2026-04-14 10:18:23
DOJI HN,170500,173000,2026-04-14 10:18:23
DOJI SG,170500,173000,2026-04-14 10:18:23
BTMH,169700,172700,2026-04-14 10:18:23
BTMC SJC,170000,173000,2026-04-14 10:18:23
Phú Qúy SJC,170000,173000,2026-04-14 10:18:23
PNJ TP.HCM,169700,172700,2026-04-14 10:18:23
PNJ Hà Nội,169700,172700,2026-04-14 10:18:23
SJC,170500,173000,2026-04-14 14:52:17
DOJI HN,170500,173000,2026-04-14 14:52:17
DOJI SG,170500,173000,2026-04-14 14:52:17
BTMH,169700,172700,2026-04-14 14:52:17
BTMC SJC,170000,173000,2026-04-14 14:52:17
Phú Qúy SJC,170000,173000,2026-04-14 14:52:17
PNJ TP.HCM,169700,172700,2026-04-14 14:52:17
PNJ Hà Nội,169700,172700,2026-04-14 14:52:17
SJC,171500,174500,2026-04-15 04:10:03
DOJI HN,171500,174500,2026-04-15 04:10:03
DOJI SG,171500,174500,2026-04-15 04:10:03
BTMH,171000,174000,2026-04-15 04:10:03
BTMC SJC,171000,174500,2026-04-15 04:10:03
Phú Qúy SJC,171000,174500,2026-04-15 04:10:03
PNJ TP.HCM,171000,174000,2026-04-15 04:10:03
PNJ Hà Nội,171000,174000,2026-04-15 04:10:03
SJC,170500,174000,2026-04-15 06:55:31
DOJI HN,170500,173500,2026-04-15 06:55:31
DOJI SG,170500,173500,2026-04-15 06:55:31
BTMH,170500,173500,2026-04-15 06:55:31
BTMC SJC,170500,174000,2026-04-15 06:55:31
Phú Qúy SJC,170500,174000,2026-04-15 06:55:31
PNJ TP.HCM,170500,173500,2026-04-15 06:55:31
PNJ Hà Nội,170500,173500,2026-04-15 06:55:31
SJC,170000,173500,2026-04-15 10:19:25
DOJI HN,170000,173000,2026-04-15 10:19:25
DOJI SG,170000,173000,2026-04-15 10:19:25
BTMH,170000,173000,2026-04-15 10:19:25
BTMC SJC,170000,173000,2026-04-15 10:19:25
Phú Qúy SJC,170000,173500,2026-04-15 10:19:25
PNJ TP.HCM,170000,173000,2026-04-15 10:19:25
PNJ Hà Nội,170000,173000,2026-04-15 10:19:25
SJC,170000,173500,2026-04-15 14:47:52
DOJI HN,169800,172800,2026-04-15 14:47:52
DOJI SG,169800,172800,2026-04-15 14:47:52
BTMH,170000,173000,2026-04-15 14:47:52
BTMC SJC,169800,172800,2026-04-15 14:47:52
Phú Qúy SJC,170000,173500,2026-04-15 14:47:52
PNJ TP.HCM,170000,173000,2026-04-15 14:47:52
PNJ Hà Nội,170000,173000,2026-04-15 14:47:52
SJC,168500,172500,2026-04-16 04:16:10
DOJI HN,168500,172500,2026-04-16 04:16:10
DOJI SG,168500,172500,2026-04-16 04:16:10
BTMH,168500,171800,2026-04-16 04:16:10
BTMC SJC,168300,172300,2026-04-16 04:16:10
Phú Qúy SJC,168500,172500,2026-04-16 04:16:10
PNJ TP.HCM,168500,171800,2026-04-16 04:16:10
PNJ Hà Nội,168500,171800,2026-04-16 04:16:10
SJC,168500,172000,2026-04-16 06:57:47
DOJI HN,168500,172500,2026-04-16 06:57:47
DOJI SG,168500,172500,2026-04-16 06:57:47
BTMH,168000,170800,2026-04-16 06:57:47
BTMC SJC,168300,172300,2026-04-16 06:57:47
Phú Qúy SJC,168500,172500,2026-04-16 06:57:47
PNJ TP.HCM,168500,171800,2026-04-16 06:57:47
PNJ Hà Nội,168500,171800,2026-04-16 06:57:47
SJC,167700,171200,2026-04-16 10:18:03
DOJI HN,167700,171200,2026-04-16 10:18:03
DOJI SG,167700,171200,2026-04-16 10:18:03
BTMH,168000,170800,2026-04-16 10:18:03
BTMC SJC,167700,171200,2026-04-16 10:18:03
Phú Qúy SJC,167500,171200,2026-04-16 10:18:03
PNJ TP.HCM,167700,170700,2026-04-16 10:18:03
PNJ Hà Nội,167700,170700,2026-04-16 10:18:03
SJC,167700,171200,2026-04-16 14:58:58
DOJI HN,167700,171200,2026-04-16 14:58:58
DOJI SG,167700,171200,2026-04-16 14:58:58
BTMH,167500,170200,2026-04-16 14:58:58
BTMC SJC,167700,171200,2026-04-16 14:58:58
Phú Qúy SJC,167500,171200,2026-04-16 14:58:58
PNJ TP.HCM,167700,170700,2026-04-16 14:58:58
PNJ Hà Nội,167700,170700,2026-04-16 14:58:58
SJC,167500,171000,2026-04-17 04:13:37
DOJI HN,167500,171000,2026-04-17 04:13:37
DOJI SG,167500,171000,2026-04-17 04:13:37
BTMH,167000,169500,2026-04-17 04:13:37
BTMC SJC,167500,171000,2026-04-17 04:13:37
Phú Qúy SJC,167500,171000,2026-04-17 04:13:37
PNJ TP.HCM,167500,170500,2026-04-17 04:13:37
PNJ Hà Nội,167500,170500,2026-04-17 04:13:37
SJC,167500,171000,2026-04-17 06:58:37
DOJI HN,167500,171000,2026-04-17 06:58:37
DOJI SG,167500,171000,2026-04-17 06:58:37
BTMH,167500,170000,2026-04-17 06:58:37
BTMC SJC,167500,171000,2026-04-17 06:58:37
Phú Qúy SJC,167500,171000,2026-04-17 06:58:37
PNJ TP.HCM,167500,170500,2026-04-17 06:58:37
PNJ Hà Nội,167500,170500,2026-04-17 06:58:37
SJC,167500,171000,2026-04-17 10:16:09
DOJI HN,167500,171000,2026-04-17 10:16:09
DOJI SG,167500,171000,2026-04-17 10:16:09
BTMH,167500,170000,2026-04-17 10:16:09
BTMC SJC,167500,171000,2026-04-17 10:16:09
Phú Qúy SJC,167500,171000,2026-04-17 10:16:09
PNJ TP.HCM,167500,170500,2026-04-17 10:16:09
PNJ Hà Nội,167500,170500,2026-04-17 10:16:09
SJC,167500,171000,2026-04-17 14:21:59
DOJI HN,167500,171000,2026-04-17 14:21:59
DOJI SG,167500,171000,2026-04-17 14:21:59
BTMH,167500,170500,2026-04-17 14:21:59
BTMC SJC,167500,171000,2026-04-17 14:21:59
Phú Qúy SJC,167500,171000,2026-04-17 14:21:59
PNJ TP.HCM,167500,170500,2026-04-17 14:21:59
PNJ Hà Nội,167500,170500,2026-04-17 14:21:59
SJC,168500,172000,2026-04-18 03:49:14
DOJI HN,168500,172000,2026-04-18 03:49:14
DOJI SG,168500,172000,2026-04-18 03:49:14
BTMH,168500,171500,2026-04-18 03:49:14
BTMC SJC,168500,172000,2026-04-18 03:49:14
Phú Qúy SJC,168500,172000,2026-04-18 03:49:14
PNJ TP.HCM,168500,171500,2026-04-18 03:49:14
PNJ Hà Nội,168500,171500,2026-04-18 03:49:14
SJC,168500,172000,2026-04-18 06:14:23
DOJI HN,168500,172000,2026-04-18 06:14:23
DOJI SG,168500,172000,2026-04-18 06:14:23
BTMH,168500,171000,2026-04-18 06:14:23
BTMC SJC,168500,172000,2026-04-18 06:14:23
Phú Qúy SJC,168500,172000,2026-04-18 06:14:23
PNJ TP.HCM,168500,171500,2026-04-18 06:14:23
PNJ Hà Nội,168500,171500,2026-04-18 06:14:23
SJC,168500,172000,2026-04-18 09:52:50
DOJI HN,168500,172000,2026-04-18 09:52:50
DOJI SG,168500,172000,2026-04-18 09:52:50
BTMH,168500,171000,2026-04-18 09:52:50
BTMC SJC,168500,172000,2026-04-18 09:52:50
Phú Qúy SJC,168500,172000,2026-04-18 09:52:50
PNJ TP.HCM,168500,171500,2026-04-18 09:52:50
PNJ Hà Nội,168500,171500,2026-04-18 09:52:50
SJC,168500,172000,2026-04-18 14:02:15
DOJI HN,168500,172000,2026-04-18 14:02:15
DOJI SG,168500,172000,2026-04-18 14:02:15
BTMH,168500,171000,2026-04-18 14:02:15
BTMC SJC,168500,172000,2026-04-18 14:02:15
Phú Qúy SJC,168500,172000,2026-04-18 14:02:15
PNJ TP.HCM,168500,171500,2026-04-18 14:02:15
PNJ Hà Nội,168500,171500,2026-04-18 14:02:15
SJC,168500,172000,2026-04-19 04:15:48
DOJI HN,168500,172000,2026-04-19 04:15:48
DOJI SG,168500,172000,2026-04-19 04:15:48
BTMH,168500,171000,2026-04-19 04:15:48
BTMC SJC,168500,172000,2026-04-19 04:15:48
Phú Qúy SJC,168500,172000,2026-04-19 04:15:48
PNJ TP.HCM,168500,171500,2026-04-19 04:15:48
PNJ Hà Nội,168500,171500,2026-04-19 04:15:48
SJC,168500,172000,2026-04-19 06:47:58
DOJI HN,168500,172000,2026-04-19 06:47:58
DOJI SG,168500,172000,2026-04-19 06:47:58
BTMH,168500,171000,2026-04-19 06:47:58
BTMC SJC,168500,172000,2026-04-19 06:47:58
Phú Qúy SJC,168500,172000,2026-04-19 06:47:58
PNJ TP.HCM,168500,171500,2026-04-19 06:47:58
PNJ Hà Nội,168500,171500,2026-04-19 06:47:58
SJC,168500,172000,2026-04-19 09:51:20
DOJI HN,168500,172000,2026-04-19 09:51:20
DOJI SG,168500,172000,2026-04-19 09:51:20
BTMH,168500,171000,2026-04-19 09:51:20
BTMC SJC,168500,172000,2026-04-19 09:51:20
Phú Qúy SJC,168500,172000,2026-04-19 09:51:20
PNJ TP.HCM,168500,171500,2026-04-19 09:51:20
PNJ Hà Nội,168500,171500,2026-04-19 09:51:20
SJC,168500,172000,2026-04-19 14:00:50
DOJI HN,168500,172000,2026-04-19 14:00:50
DOJI SG,168500,172000,2026-04-19 14:00:50
BTMH,168500,171000,2026-04-19 14:00:50
BTMC SJC,168500,172000,2026-04-19 14:00:50
Phú Qúy SJC,168500,172000,2026-04-19 14:00:50
PNJ TP.HCM,168500,171500,2026-04-19 14:00:50
PNJ Hà Nội,168500,171500,2026-04-19 14:00:50
SJC,168300,171300,2026-04-20 04:21:16
DOJI HN,168300,171300,2026-04-20 04:21:16
DOJI SG,168300,171300,2026-04-20 04:21:16
BTMH,168000,171000,2026-04-20 04:21:16
BTMC SJC,168300,171300,2026-04-20 04:21:16
Phú Qúy SJC,168300,171300,2026-04-20 04:21:16
PNJ TP.HCM,168000,171000,2026-04-20 04:21:16
PNJ Hà Nội,168000,171000,2026-04-20 04:21:16
SJC,168300,171300,2026-04-20 07:18:33
DOJI HN,168300,171300,2026-04-20 07:18:33
DOJI SG,168300,171300,2026-04-20 07:18:33
BTMH,168000,171000,2026-04-20 07:18:33
BTMC SJC,168300,171300,2026-04-20 07:18:33
Phú Qúy SJC,168300,171300,2026-04-20 07:18:33
PNJ TP.HCM,168000,171000,2026-04-20 07:18:33
PNJ Hà Nội,168000,171000,2026-04-20 07:18:33
SJC,168300,171300,2026-04-20 10:52:14
DOJI HN,168300,171300,2026-04-20 10:52:14
DOJI SG,168300,171300,2026-04-20 10:52:14
BTMH,168000,171000,2026-04-20 10:52:14
BTMC SJC,168300,171300,2026-04-20 10:52:14
Phú Qúy SJC,168300,171300,2026-04-20 10:52:14
PNJ TP.HCM,168000,171000,2026-04-20 10:52:14
PNJ Hà Nội,168000,171000,2026-04-20 10:52:14
SJC,168300,171300,2026-04-20 14:54:00
DOJI HN,168300,171300,2026-04-20 14:54:00
DOJI SG,168300,171300,2026-04-20 14:54:00
BTMH,168000,171000,2026-04-20 14:54:00
BTMC SJC,168300,171300,2026-04-20 14:54:00
Phú Qúy SJC,168300,171300,2026-04-20 14:54:00
PNJ TP.HCM,168000,171000,2026-04-20 14:54:00
PNJ Hà Nội,168000,171000,2026-04-20 14:54:00
SJC,168700,171200,2026-04-21 04:13:20
DOJI HN,168500,171500,2026-04-21 04:13:20
DOJI SG,168500,171500,2026-04-21 04:13:20
BTMH,168500,171500,2026-04-21 04:13:20
BTMC SJC,168500,171500,2026-04-21 04:13:20
Phú Qúy SJC,168500,171500,2026-04-21 04:13:20
PNJ TP.HCM,168200,171200,2026-04-21 04:13:20
PNJ Hà Nội,168200,171200,2026-04-21 04:13:20
SJC,168100,170600,2026-04-21 06:59:09
DOJI HN,168100,170600,2026-04-21 06:59:09
DOJI SG,168100,170600,2026-04-21 06:59:09
BTMH,168200,171200,2026-04-21 06:59:09
BTMC SJC,168200,171200,2026-04-21 06:59:09
Phú Qúy SJC,168100,170600,2026-04-21 06:59:09
PNJ TP.HCM,167400,170400,2026-04-21 06:59:09
PNJ Hà Nội,167400,170400,2026-04-21 06:59:09
SJC,168100,170600,2026-04-21 10:20:26
DOJI HN,168100,170600,2026-04-21 10:20:26
DOJI SG,168100,170600,2026-04-21 10:20:26
BTMH,167600,170300,2026-04-21 10:20:26
BTMC SJC,168100,170600,2026-04-21 10:20:26
Phú Qúy SJC,168100,170600,2026-04-21 10:20:26
PNJ TP.HCM,167400,170400,2026-04-21 10:20:26
PNJ Hà Nội,167400,170400,2026-04-21 10:20:26
SJC,168100,170600,2026-04-21 14:48:23
DOJI HN,168100,170600,2026-04-21 14:48:23
DOJI SG,168100,170600,2026-04-21 14:48:23
BTMH,167600,170300,2026-04-21 14:48:23
BTMC SJC,168100,170600,2026-04-21 14:48:23
Phú Qúy SJC,168100,170600,2026-04-21 14:48:23
PNJ TP.HCM,167400,170400,2026-04-21 14:48:23
PNJ Hà Nội,167400,170400,2026-04-21 14:48:23
SJC,167500,170000,2026-04-22 04:09:25
DOJI HN,167200,169700,2026-04-22 04:09:25
DOJI SG,167200,169700,2026-04-22 04:09:25
BTMH,167000,169600,2026-04-22 04:09:25
BTMC SJC,167500,170000,2026-04-22 04:09:25
Phú Qúy SJC,167500,170000,2026-04-22 04:09:25
PNJ TP.HCM,166700,169700,2026-04-22 04:09:25
PNJ Hà Nội,166700,169700,2026-04-22 04:09:25
SJC,167500,170000,2026-04-22 06:58:17
DOJI HN,167200,169700,2026-04-22 06:58:17
DOJI SG,167200,169700,2026-04-22 06:58:17
BTMH,167000,169600,2026-04-22 06:58:17
BTMC SJC,167500,170000,2026-04-22 06:58:17
Phú Qúy SJC,167500,170000,2026-04-22 06:58:17
PNJ TP.HCM,166700,169700,2026-04-22 06:58:17
PNJ Hà Nội,166700,169700,2026-04-22 06:58:17
SJC,167500,170000,2026-04-22 10:21:33
DOJI HN,167200,169700,2026-04-22 10:21:33
DOJI SG,167200,169700,2026-04-22 10:21:33
BTMH,167000,169600,2026-04-22 10:21:33
BTMC SJC,167500,170000,2026-04-22 10:21:33
Phú Qúy SJC,167500,170000,2026-04-22 10:21:33
PNJ TP.HCM,166700,169700,2026-04-22 10:21:33
PNJ Hà Nội,166700,169700,2026-04-22 10:21:33
SJC,167500,170000,2026-04-22 14:48:19
DOJI HN,167200,169700,2026-04-22 14:48:19
DOJI SG,167200,169700,2026-04-22 14:48:19
BTMH,167000,169600,2026-04-22 14:48:19
BTMC SJC,167500,170000,2026-04-22 14:48:19
Phú Qúy SJC,167500,170000,2026-04-22 14:48:19
PNJ TP.HCM,166700,169700,2026-04-22 14:48:19
PNJ Hà Nội,166700,169700,2026-04-22 14:48:19
SJC,166700,169200,2026-04-23 04:14:01
DOJI HN,166700,169200,2026-04-23 04:14:01
DOJI SG,166700,169200,2026-04-23 04:14:01
BTMH,166200,168900,2026-04-23 04:14:01
BTMC SJC,166700,169200,2026-04-23 04:14:01
Phú Qúy SJC,166700,169200,2026-04-23 04:14:01
PNJ TP.HCM,166000,169000,2026-04-23 04:14:01
PNJ Hà Nội,166000,169000,2026-04-23 04:14:01
SJC,166700,169200,2026-04-23 07:01:48
DOJI HN,166700,169200,2026-04-23 07:01:48
DOJI SG,166700,169200,2026-04-23 07:01:48
BTMH,166200,168900,2026-04-23 07:01:48
BTMC SJC,166700,169200,2026-04-23 07:01:48
Phú Qúy SJC,166700,169200,2026-04-23 07:01:48
PNJ TP.HCM,166000,169000,2026-04-23 07:01:48
PNJ Hà Nội,166000,169000,2026-04-23 07:01:48
SJC,166700,169200,2026-04-23 10:23:44
DOJI HN,166700,169200,2026-04-23 10:23:44
DOJI SG,166700,169200,2026-04-23 10:23:44
BTMH,166200,168900,2026-04-23 10:23:44
BTMC SJC,166700,169200,2026-04-23 10:23:44
Phú Qúy SJC,166700,169200,2026-04-23 10:23:44
PNJ TP.HCM,166000,169000,2026-04-23 10:23:44
PNJ Hà Nội,166000,169000,2026-04-23 10:23:44
SJC,166700,169200,2026-04-23 15:15:38
DOJI HN,166700,169200,2026-04-23 15:15:38
DOJI SG,166700,169200,2026-04-23 15:15:38
BTMH,166200,168900,2026-04-23 15:15:38
BTMC SJC,166700,169200,2026-04-23 15:15:38
Phú Qúy SJC,166700,169200,2026-04-23 15:15:38
PNJ TP.HCM,166000,169000,2026-04-23 15:15:38
PNJ Hà Nội,166000,169000,2026-04-23 15:15:38
SJC,166200,168700,2026-04-24 04:18:40
DOJI HN,166200,168700,2026-04-24 04:18:40
DOJI SG,166200,168700,2026-04-24 04:18:40
BTMH,165700,168600,2026-04-24 04:18:40
BTMC SJC,166200,168700,2026-04-24 04:18:40
Phú Qúy SJC,166200,168700,2026-04-24 04:18:40
PNJ TP.HCM,165700,168700,2026-04-24 04:18:40
PNJ Hà Nội,165700,168700,2026-04-24 04:18:40
SJC,166200,168700,2026-04-24 07:05:02
DOJI HN,166200,168700,2026-04-24 07:05:02
DOJI SG,166200,168700,2026-04-24 07:05:02
BTMH,165700,168600,2026-04-24 07:05:02
BTMC SJC,166200,168700,2026-04-24 07:05:02
Phú Qúy SJC,166200,168700,2026-04-24 07:05:02
PNJ TP.HCM,165500,168500,2026-04-24 07:05:02
PNJ Hà Nội,165500,168500,2026-04-24 07:05:02
SJC,165500,168000,2026-04-24 10:25:53
DOJI HN,165500,168000,2026-04-24 10:25:53
DOJI SG,165500,168000,2026-04-24 10:25:53
BTMH,165200,167900,2026-04-24 10:25:53
BTMC SJC,166200,168700,2026-04-24 10:25:53
Phú Qúy SJC,166200,168700,2026-04-24 10:25:53
PNJ TP.HCM,165000,168000,2026-04-24 10:25:53
PNJ Hà Nội,165000,168000,2026-04-24 10:25:53
SJC,165500,168000,2026-04-24 14:46:27
DOJI HN,165500,168000,2026-04-24 14:46:27
DOJI SG,165500,168000,2026-04-24 14:46:27
BTMH,165200,167900,2026-04-24 14:46:27
BTMC SJC,166200,168700,2026-04-24 14:46:27
Phú Qúy SJC,166200,168700,2026-04-24 14:46:27
PNJ TP.HCM,165000,168000,2026-04-24 14:46:27
PNJ Hà Nội,165000,168000,2026-04-24 14:46:27
SJC,166300,168800,2026-04-25 03:53:19
DOJI HN,166300,168800,2026-04-25 03:53:19
DOJI SG,166300,168800,2026-04-25 03:53:19
BTMH,165800,168700,2026-04-25 03:53:19
BTMC SJC,166200,168800,2026-04-25 03:53:19
Phú Qúy SJC,166300,168800,2026-04-25 03:53:19
PNJ TP.HCM,165800,168800,2026-04-25 03:53:19
PNJ Hà Nội,165800,168800,2026-04-25 03:53:19
SJC,166300,168800,2026-04-25 06:21:14
DOJI HN,166300,168800,2026-04-25 06:21:14
DOJI SG,166300,168800,2026-04-25 06:21:14
BTMH,165800,168700,2026-04-25 06:21:14
BTMC SJC,166200,168800,2026-04-25 06:21:14
Phú Qúy SJC,166300,168800,2026-04-25 06:21:14
PNJ TP.HCM,165800,168800,2026-04-25 06:21:14
PNJ Hà Nội,165800,168800,2026-04-25 06:21:14
SJC,166300,168800,2026-04-25 09:55:49
DOJI HN,166300,168800,2026-04-25 09:55:49
DOJI SG,166300,168800,2026-04-25 09:55:49
BTMH,165800,168700,2026-04-25 09:55:49
BTMC SJC,166200,168800,2026-04-25 09:55:49
Phú Qúy SJC,166300,168800,2026-04-25 09:55:49
PNJ TP.HCM,165800,168800,2026-04-25 09:55:49
PNJ Hà Nội,165800,168800,2026-04-25 09:55:49
SJC,166300,168800,2026-04-25 14:04:28
DOJI HN,166300,168800,2026-04-25 14:04:28
DOJI SG,166300,168800,2026-04-25 14:04:28
BTMH,165800,168700,2026-04-25 14:04:28
BTMC SJC,166200,168800,2026-04-25 14:04:28
Phú Qúy SJC,166300,168800,2026-04-25 14:04:28
PNJ TP.HCM,165800,168800,2026-04-25 14:04:28
PNJ Hà Nội,165800,168800,2026-04-25 14:04:28
SJC,166300,168800,2026-04-26 04:24:33
DOJI HN,166300,168800,2026-04-26 04:24:33
DOJI SG,166300,168800,2026-04-26 04:24:33
BTMH,165800,168700,2026-04-26 04:24:33
BTMC SJC,166200,168800,2026-04-26 04:24:33
Phú Qúy SJC,166300,168800,2026-04-26 04:24:33
PNJ TP.HCM,165800,168800,2026-04-26 04:24:33
PNJ Hà Nội,165800,168800,2026-04-26 04:24:33
SJC,166300,168800,2026-04-26 06:59:50
DOJI HN,166300,168800,2026-04-26 06:59:50
DOJI SG,166300,168800,2026-04-26 06:59:50
BTMH,165800,168700,2026-04-26 06:59:50
BTMC SJC,166200,168800,2026-04-26 06:59:50
Phú Qúy SJC,166300,168800,2026-04-26 06:59:50
PNJ TP.HCM,165800,168800,2026-04-26 06:59:50
PNJ Hà Nội,165800,168800,2026-04-26 06:59:50
SJC,166300,168800,2026-04-26 09:56:50
DOJI HN,166300,168800,2026-04-26 09:56:50
DOJI SG,166300,168800,2026-04-26 09:56:50
BTMH,165800,168700,2026-04-26 09:56:50
BTMC SJC,166200,168800,2026-04-26 09:56:50
Phú Qúy SJC,166300,168800,2026-04-26 09:56:50
PNJ TP.HCM,165800,168800,2026-04-26 09:56:50
PNJ Hà Nội,165800,168800,2026-04-26 09:56:50
SJC,166300,168800,2026-04-26 14:05:36
DOJI HN,166300,168800,2026-04-26 14:05:36
DOJI SG,166300,168800,2026-04-26 14:05:36
BTMH,165800,168700,2026-04-26 14:05:36
BTMC SJC,166200,168800,2026-04-26 14:05:36
Phú Qúy SJC,166300,168800,2026-04-26 14:05:36
PNJ TP.HCM,165800,168800,2026-04-26 14:05:36
PNJ Hà Nội,165800,168800,2026-04-26 14:05:36
SJC,166300,168800,2026-04-27 04:32:18
DOJI HN,166300,168800,2026-04-27 04:32:18
DOJI SG,166300,168800,2026-04-27 04:32:18
BTMH,165800,168700,2026-04-27 04:32:18
BTMC SJC,166300,168800,2026-04-27 04:32:18
Phú Qúy SJC,166300,168800,2026-04-27 04:32:18
PNJ TP.HCM,165800,168800,2026-04-27 04:32:18
PNJ Hà Nội,165800,168800,2026-04-27 04:32:18
SJC,166300,168800,2026-04-27 07:35:53
DOJI HN,166300,168800,2026-04-27 07:35:53
DOJI SG,166300,168800,2026-04-27 07:35:53
BTMH,165800,168700,2026-04-27 07:35:53
BTMC SJC,166300,168800,2026-04-27 07:35:53
Phú Qúy SJC,166300,168800,2026-04-27 07:35:53
PNJ TP.HCM,165800,168800,2026-04-27 07:35:53
PNJ Hà Nội,165800,168800,2026-04-27 07:35:53
SJC,166300,168800,2026-04-27 11:08:06
DOJI HN,166300,168800,2026-04-27 11:08:06
DOJI SG,166300,168800,2026-04-27 11:08:06
BTMH,165800,168700,2026-04-27 11:08:06
BTMC SJC,166300,168800,2026-04-27 11:08:06
Phú Qúy SJC,166300,168800,2026-04-27 11:08:06
PNJ TP.HCM,165800,168800,2026-04-27 11:08:06
PNJ Hà Nội,165800,168800,2026-04-27 11:08:06
SJC,166300,168800,2026-04-27 15:09:36
DOJI HN,166300,168800,2026-04-27 15:09:36
DOJI SG,166300,168800,2026-04-27 15:09:36
BTMH,165800,168700,2026-04-27 15:09:36
BTMC SJC,166300,168800,2026-04-27 15:09:36
Phú Qúy SJC,166300,168800,2026-04-27 15:09:36
PNJ TP.HCM,165800,168800,2026-04-27 15:09:36
PNJ Hà Nội,165800,168800,2026-04-27 15:09:36
SJC,166300,168800,2026-04-28 04:35:16
DOJI HN,165000,168000,2026-04-28 04:35:16
DOJI SG,165000,168000,2026-04-28 04:35:16
BTMH,165500,168400,2026-04-28 04:35:16
BTMC SJC,165000,168000,2026-04-28 04:35:16
Phú Qúy SJC,165500,168000,2026-04-28 04:35:16
PNJ TP.HCM,164900,167900,2026-04-28 04:35:16
PNJ Hà Nội,164900,167900,2026-04-28 04:35:16
SJC,166300,168800,2026-04-28 07:32:16
DOJI HN,164500,167500,2026-04-28 07:32:16
DOJI SG,164500,167500,2026-04-28 07:32:16
BTMH,165000,167900,2026-04-28 07:32:16
BTMC SJC,165000,168000,2026-04-28 07:32:16
Phú Qúy SJC,164500,167500,2026-04-28 07:32:16
PNJ TP.HCM,164500,167500,2026-04-28 07:32:16
PNJ Hà Nội,164500,167500,2026-04-28 07:32:16
SJC,166300,168800,2026-04-28 11:07:46
DOJI HN,164500,167500,2026-04-28 11:07:46
DOJI SG,164500,167500,2026-04-28 11:07:46
BTMH,164500,167400,2026-04-28 11:07:46
BTMC SJC,164500,167500,2026-04-28 11:07:46
Phú Qúy SJC,164500,167500,2026-04-28 11:07:46
PNJ TP.HCM,164500,167500,2026-04-28 11:07:46
PNJ Hà Nội,164500,167500,2026-04-28 11:07:46
SJC,166300,168800,2026-04-29 04:31:17
DOJI HN,163000,166000,2026-04-29 04:31:17
DOJI SG,163000,166000,2026-04-29 04:31:17
BTMH,163000,165900,2026-04-29 04:31:17
BTMC SJC,163000,166000,2026-04-29 04:31:17
Phú Qúy SJC,163000,166000,2026-04-29 04:31:17
PNJ TP.HCM,162600,165600,2026-04-29 04:31:17
PNJ Hà Nội,162600,165600,2026-04-29 04:31:17
SJC,166300,168800,2026-04-29 07:25:35
DOJI HN,163000,166000,2026-04-29 07:25:35
DOJI SG,163000,166000,2026-04-29 07:25:35
BTMH,163000,165900,2026-04-29 07:25:35
BTMC SJC,163000,166000,2026-04-29 07:25:35
Phú Qúy SJC,163000,166000,2026-04-29 07:25:35
PNJ TP.HCM,162600,165600,2026-04-29 07:25:35
PNJ Hà Nội,162600,165600,2026-04-29 07:25:35
SJC,166300,168800,2026-04-29 11:00:01
DOJI HN,163000,166000,2026-04-29 11:00:01
DOJI SG,163000,166000,2026-04-29 11:00:01
BTMH,163000,165900,2026-04-29 11:00:01
BTMC SJC,163000,166000,2026-04-29 11:00:01
Phú Qúy SJC,163000,166000,2026-04-29 11:00:01
PNJ TP.HCM,162600,165600,2026-04-29 11:00:01
PNJ Hà Nội,162600,165600,2026-04-29 11:00:01
SJC,166300,168800,2026-04-29 15:18:53
DOJI HN,163000,166000,2026-04-29 15:18:53
DOJI SG,163000,166000,2026-04-29 15:18:53
BTMH,163000,165900,2026-04-29 15:18:53
BTMC SJC,163000,166000,2026-04-29 15:18:53
Phú Qúy SJC,163000,166000,2026-04-29 15:18:53
PNJ TP.HCM,162600,165600,2026-04-29 15:18:53
PNJ Hà Nội,162600,165600,2026-04-29 15:18:53
SJC,163000,166000,2026-04-30 04:33:44
DOJI HN,163000,166000,2026-04-30 04:33:44
DOJI SG,163000,166000,2026-04-30 04:33:44
BTMH,163000,165900,2026-04-30 04:33:44
BTMC SJC,163000,166000,2026-04-30 04:33:44
Phú Qúy SJC,163000,166000,2026-04-30 04:33:44
PNJ TP.HCM,162600,165600,2026-04-30 04:33:44
PNJ Hà Nội,162600,165600,2026-04-30 04:33:44
SJC,163000,166000,2026-04-30 07:29:24
DOJI HN,163000,166000,2026-04-30 07:29:24
DOJI SG,163000,166000,2026-04-30 07:29:24
BTMH,163000,165900,2026-04-30 07:29:24
BTMC SJC,163000,166000,2026-04-30 07:29:24
Phú Qúy SJC,163000,166000,2026-04-30 07:29:24
PNJ TP.HCM,162600,165600,2026-04-30 07:29:24
PNJ Hà Nội,162600,165600,2026-04-30 07:29:24
SJC,163000,166000,2026-04-30 10:57:54
DOJI HN,163000,166000,2026-04-30 10:57:54
DOJI SG,163000,166000,2026-04-30 10:57:54
BTMH,163000,165900,2026-04-30 10:57:54
BTMC SJC,163000,166000,2026-04-30 10:57:54
Phú Qúy SJC,163000,166000,2026-04-30 10:57:54
PNJ TP.HCM,162600,165600,2026-04-30 10:57:54
PNJ Hà Nội,162600,165600,2026-04-30 10:57:54
SJC,163000,166000,2026-04-30 15:12:41
DOJI HN,163000,166000,2026-04-30 15:12:41
DOJI SG,163000,166000,2026-04-30 15:12:41
BTMH,163000,165900,2026-04-30 15:12:41
BTMC SJC,163000,166000,2026-04-30 15:12:41
Phú Qúy SJC,163000,166000,2026-04-30 15:12:41
PNJ TP.HCM,162600,165600,2026-04-30 15:12:41
PNJ Hà Nội,162600,165600,2026-04-30 15:12:41
SJC,163000,166000,2026-05-01 04:51:32
DOJI HN,163000,166000,2026-05-01 04:51:32
DOJI SG,163000,166000,2026-05-01 04:51:32
BTMH,163000,165900,2026-05-01 04:51:32
BTMC SJC,163000,166000,2026-05-01 04:51:32
Phú Qúy SJC,163000,166000,2026-05-01 04:51:32
PNJ TP.HCM,162600,165600,2026-05-01 04:51:32
PNJ Hà Nội,162600,165600,2026-05-01 04:51:32
SJC,163000,166000,2026-05-01 07:26:38
DOJI HN,163000,166000,2026-05-01 07:26:38
DOJI SG,163000,166000,2026-05-01 07:26:38
BTMH,163000,165900,2026-05-01 07:26:38
BTMC SJC,163000,166000,2026-05-01 07:26:38
Phú Qúy SJC,163000,166000,2026-05-01 07:26:38
PNJ TP.HCM,162600,165600,2026-05-01 07:26:38
PNJ Hà Nội,162600,165600,2026-05-01 07:26:38
SJC,163000,166000,2026-05-01 10:25:14
DOJI HN,163000,166000,2026-05-01 10:25:14
DOJI SG,163000,166000,2026-05-01 10:25:14
BTMH,163000,165900,2026-05-01 10:25:14
BTMC SJC,163000,166000,2026-05-01 10:25:14
Phú Qúy SJC,163000,166000,2026-05-01 10:25:14
PNJ TP.HCM,162600,165600,2026-05-01 10:25:14
PNJ Hà Nội,162600,165600,2026-05-01 10:25:14
SJC,163000,166000,2026-05-01 14:18:06
DOJI HN,163000,166000,2026-05-01 14:18:06
DOJI SG,163000,166000,2026-05-01 14:18:06
BTMH,163000,165900,2026-05-01 14:18:06
BTMC SJC,163000,166000,2026-05-01 14:18:06
Phú Qúy SJC,163000,166000,2026-05-01 14:18:06
PNJ TP.HCM,162600,165600,2026-05-01 14:18:06
PNJ Hà Nội,162600,165600,2026-05-01 14:18:06
SJC,163000,166000,2026-05-02 04:19:27
DOJI HN,163000,166000,2026-05-02 04:19:27
DOJI SG,163000,166000,2026-05-02 04:19:27
BTMH,163000,165900,2026-05-02 04:19:27
BTMC SJC,163000,166000,2026-05-02 04:19:27
Phú Qúy SJC,163000,166000,2026-05-02 04:19:27
PNJ TP.HCM,163000,166000,2026-05-02 04:19:27
PNJ Hà Nội,163000,166000,2026-05-02 04:19:27
SJC,163000,166000,2026-05-02 07:02:06
DOJI HN,163000,166000,2026-05-02 07:02:06
DOJI SG,163000,166000,2026-05-02 07:02:06
BTMH,163000,165900,2026-05-02 07:02:06
BTMC SJC,163000,166000,2026-05-02 07:02:06
Phú Qúy SJC,163000,166000,2026-05-02 07:02:06
PNJ TP.HCM,163000,166000,2026-05-02 07:02:06
PNJ Hà Nội,163000,166000,2026-05-02 07:02:06
SJC,163000,166000,2026-05-02 10:01:07
DOJI HN,163000,166000,2026-05-02 10:01:07
DOJI SG,163000,166000,2026-05-02 10:01:07
BTMH,163000,165900,2026-05-02 10:01:07
BTMC SJC,163000,166000,2026-05-02 10:01:07
Phú Qúy SJC,163000,166000,2026-05-02 10:01:07
PNJ TP.HCM,163000,166000,2026-05-02 10:01:07
PNJ Hà Nội,163000,166000,2026-05-02 10:01:07
SJC,163000,166000,2026-05-02 14:11:11
DOJI HN,163000,166000,2026-05-02 14:11:11
DOJI SG,163000,166000,2026-05-02 14:11:11
BTMH,163000,165900,2026-05-02 14:11:11
BTMC SJC,163000,166000,2026-05-02 14:11:11
Phú Qúy SJC,163000,166000,2026-05-02 14:11:11
PNJ TP.HCM,163000,166000,2026-05-02 14:11:11
PNJ Hà Nội,163000,166000,2026-05-02 14:11:11
SJC,163000,166000,2026-05-03 04:42:01
DOJI HN,163000,166000,2026-05-03 04:42:01
DOJI SG,163000,166000,2026-05-03 04:42:01
BTMH,163000,165900,2026-05-03 04:42:01
BTMC SJC,163000,166000,2026-05-03 04:42:01
Phú Qúy SJC,163000,166000,2026-05-03 04:42:01
PNJ TP.HCM,163000,166000,2026-05-03 04:42:01
PNJ Hà Nội,163000,166000,2026-05-03 04:42:01
SJC,163000,166000,2026-05-03 07:20:32
DOJI HN,163000,166000,2026-05-03 07:20:32
DOJI SG,163000,166000,2026-05-03 07:20:32
BTMH,163000,165900,2026-05-03 07:20:32
BTMC SJC,163000,166000,2026-05-03 07:20:32
Phú Qúy SJC,163000,166000,2026-05-03 07:20:32
PNJ TP.HCM,163000,166000,2026-05-03 07:20:32
PNJ Hà Nội,163000,166000,2026-05-03 07:20:32
SJC,163000,166000,2026-05-03 10:08:50
DOJI HN,163000,166000,2026-05-03 10:08:50
DOJI SG,163000,166000,2026-05-03 10:08:50
BTMH,163000,165900,2026-05-03 10:08:50
BTMC SJC,163000,166000,2026-05-03 10:08:50
Phú Qúy SJC,163000,166000,2026-05-03 10:08:50
PNJ TP.HCM,163000,166000,2026-05-03 10:08:50
PNJ Hà Nội,163000,166000,2026-05-03 10:08:50
SJC,163000,166000,2026-05-03 14:11:55
DOJI HN,163000,166000,2026-05-03 14:11:55
DOJI SG,163000,166000,2026-05-03 14:11:55
BTMH,163000,165900,2026-05-03 14:11:55
BTMC SJC,163000,166000,2026-05-03 14:11:55
Phú Qúy SJC,163000,166000,2026-05-03 14:11:55
PNJ TP.HCM,163000,166000,2026-05-03 14:11:55
PNJ Hà Nội,163000,166000,2026-05-03 14:11:55
SJC,163600,166600,2026-05-04 04:41:53
DOJI HN,163600,166600,2026-05-04 04:41:53
DOJI SG,163600,166600,2026-05-04 04:41:53
BTMH,163600,166500,2026-05-04 04:41:53
BTMC SJC,163600,166600,2026-05-04 04:41:53
Phú Qúy SJC,163600,166600,2026-05-04 04:41:53
PNJ TP.HCM,163500,166500,2026-05-04 04:41:53
PNJ Hà Nội,163500,166500,2026-05-04 04:41:53
SJC,163600,166600,2026-05-04 07:48:49
DOJI HN,163600,166600,2026-05-04 07:48:49
DOJI SG,163600,166600,2026-05-04 07:48:49
BTMH,163600,166500,2026-05-04 07:48:49
BTMC SJC,163600,166600,2026-05-04 07:48:49
Phú Qúy SJC,163600,166600,2026-05-04 07:48:49
PNJ TP.HCM,163500,166500,2026-05-04 07:48:49
PNJ Hà Nội,163500,166500,2026-05-04 07:48:49
SJC,163300,166300,2026-05-04 11:08:04
DOJI HN,163300,166300,2026-05-04 11:08:04
DOJI SG,163300,166300,2026-05-04 11:08:04
BTMH,163300,166200,2026-05-04 11:08:04
BTMC SJC,163300,166300,2026-05-04 11:08:04
Phú Qúy SJC,163300,166300,2026-05-04 11:08:04
PNJ TP.HCM,163500,166500,2026-05-04 11:08:04
PNJ Hà Nội,163500,166500,2026-05-04 11:08:04
SJC,163300,166300,2026-05-04 15:11:41
DOJI HN,163300,166300,2026-05-04 15:11:41
DOJI SG,163300,166300,2026-05-04 15:11:41
BTMH,163300,166200,2026-05-04 15:11:41
BTMC SJC,163300,166300,2026-05-04 15:11:41
Phú Qúy SJC,163300,166300,2026-05-04 15:11:41
PNJ TP.HCM,163500,166500,2026-05-04 15:11:41
PNJ Hà Nội,163500,166500,2026-05-04 15:11:41
SJC,162000,165000,2026-05-05 04:17:43
DOJI HN,162000,165000,2026-05-05 04:17:43
DOJI SG,162000,165000,2026-05-05 04:17:43
BTMH,162000,164900,2026-05-05 04:17:43
BTMC SJC,162000,165000,2026-05-05 04:17:43
Phú Qúy SJC,162000,165000,2026-05-05 04:17:43
PNJ TP.HCM,161700,164700,2026-05-05 04:17:43
PNJ Hà Nội,161700,164700,2026-05-05 04:17:43
SJC,162000,165000,2026-05-05 07:19:54
DOJI HN,162000,165000,2026-05-05 07:19:54
DOJI SG,162000,165000,2026-05-05 07:19:54
BTMH,162000,164900,2026-05-05 07:19:54
BTMC SJC,162000,165000,2026-05-05 07:19:54
Phú Qúy SJC,162000,165000,2026-05-05 07:19:54
PNJ TP.HCM,161700,164700,2026-05-05 07:19:54
PNJ Hà Nội,161700,164700,2026-05-05 07:19:54
SJC,162000,165000,2026-05-05 10:49:19
DOJI HN,162000,165000,2026-05-05 10:49:19
DOJI SG,162000,165000,2026-05-05 10:49:19
BTMH,162000,164900,2026-05-05 10:49:19
BTMC SJC,162000,165000,2026-05-05 10:49:19
Phú Qúy SJC,162000,165000,2026-05-05 10:49:19
PNJ TP.HCM,161700,164700,2026-05-05 10:49:19
PNJ Hà Nội,161700,164700,2026-05-05 10:49:19
SJC,163000,166000,2026-05-06 04:34:59
DOJI HN,163000,166000,2026-05-06 04:34:59
DOJI SG,163000,166000,2026-05-06 04:34:59
BTMH,164500,167400,2026-05-06 04:34:59
BTMC SJC,164500,167500,2026-05-06 04:34:59
Phú Qúy SJC,163000,166000,2026-05-06 04:34:59
PNJ TP.HCM,163000,166000,2026-05-06 04:34:59
PNJ Hà Nội,163000,166000,2026-05-06 04:34:59
SJC,163000,166000,2026-05-06 07:36:47
DOJI HN,163000,166000,2026-05-06 07:36:47
DOJI SG,163000,166000,2026-05-06 07:36:47
BTMH,163000,165900,2026-05-06 07:36:47
BTMC SJC,163000,166000,2026-05-06 07:36:47
Phú Qúy SJC,163000,166000,2026-05-06 07:36:47
PNJ TP.HCM,163000,166000,2026-05-06 07:36:47
PNJ Hà Nội,163000,166000,2026-05-06 07:36:47
SJC,163000,166000,2026-05-06 11:09:11
DOJI HN,163000,166000,2026-05-06 11:09:11
DOJI SG,163000,166000,2026-05-06 11:09:11
BTMH,163000,165900,2026-05-06 11:09:11
BTMC SJC,163000,166000,2026-05-06 11:09:11
Phú Qúy SJC,163000,166000,2026-05-06 11:09:11
PNJ TP.HCM,163000,166000,2026-05-06 11:09:11
PNJ Hà Nội,163000,166000,2026-05-06 11:09:11
SJC,163000,166000,2026-05-06 15:28:07
DOJI HN,163000,166000,2026-05-06 15:28:07
DOJI SG,163000,166000,2026-05-06 15:28:07
BTMH,163000,165900,2026-05-06 15:28:07
BTMC SJC,163000,166000,2026-05-06 15:28:07
Phú Qúy SJC,163000,166000,2026-05-06 15:28:07
PNJ TP.HCM,163000,166000,2026-05-06 15:28:07
PNJ Hà Nội,163000,166000,2026-05-06 15:28:07
SJC,164500,167500,2026-05-07 04:35:36
DOJI HN,164500,167500,2026-05-07 04:35:36
DOJI SG,164500,167500,2026-05-07 04:35:36
BTMH,164500,167400,2026-05-07 04:35:36
BTMC SJC,164500,167500,2026-05-07 04:35:36
Phú Qúy SJC,164500,167500,2026-05-07 04:35:36
PNJ TP.HCM,164000,167000,2026-05-07 04:35:36
PNJ Hà Nội,164000,167000,2026-05-07 04:35:36
SJC,164500,167500,2026-05-07 07:44:02
DOJI HN,164500,167500,2026-05-07 07:44:02
DOJI SG,164500,167500,2026-05-07 07:44:02
BTMH,164500,167400,2026-05-07 07:44:02
BTMC SJC,164500,167500,2026-05-07 07:44:02
Phú Qúy SJC,164500,167500,2026-05-07 07:44:02
PNJ TP.HCM,164000,167000,2026-05-07 07:44:02
PNJ Hà Nội,164000,167000,2026-05-07 07:44:02
SJC,164500,167500,2026-05-07 11:11:15
DOJI HN,164500,167500,2026-05-07 11:11:15
DOJI SG,164500,167500,2026-05-07 11:11:15
BTMH,164500,167400,2026-05-07 11:11:15
BTMC SJC,164500,167500,2026-05-07 11:11:15
Phú Qúy SJC,164500,167500,2026-05-07 11:11:15
PNJ TP.HCM,164000,167000,2026-05-07 11:11:15
PNJ Hà Nội,164000,167000,2026-05-07 11:11:15
SJC,164500,167500,2026-05-07 15:28:57
DOJI HN,164500,167500,2026-05-07 15:28:57
DOJI SG,164500,167500,2026-05-07 15:28:57
BTMH,164500,167400,2026-05-07 15:28:57
BTMC SJC,164500,167500,2026-05-07 15:28:57
Phú Qúy SJC,164500,167500,2026-05-07 15:28:57
PNJ TP.HCM,164000,167000,2026-05-07 15:28:57
PNJ Hà Nội,164000,167000,2026-05-07 15:28:57
SJC,164500,167500,2026-05-08 04:17:17
DOJI HN,164500,167500,2026-05-08 04:17:17
DOJI SG,164500,167500,2026-05-08 04:17:17
BTMH,164500,167400,2026-05-08 04:17:17
BTMC SJC,164500,167500,2026-05-08 04:17:17
Phú Qúy SJC,164500,167500,2026-05-08 04:17:17
PNJ TP.HCM,164300,167300,2026-05-08 04:17:17
PNJ Hà Nội,164300,167300,2026-05-08 04:17:17
SJC,164500,167500,2026-05-08 06:53:50
DOJI HN,164500,167500,2026-05-08 06:53:50
DOJI SG,164500,167500,2026-05-08 06:53:50
BTMH,164500,167400,2026-05-08 06:53:50
BTMC SJC,164500,167500,2026-05-08 06:53:50
Phú Qúy SJC,164500,167500,2026-05-08 06:53:50
PNJ TP.HCM,164300,167300,2026-05-08 06:53:50
PNJ Hà Nội,164300,167300,2026-05-08 06:53:50
SJC,164500,167500,2026-05-08 10:26:43
DOJI HN,164500,167500,2026-05-08 10:26:43
DOJI SG,164500,167500,2026-05-08 10:26:43
BTMH,164500,167400,2026-05-08 10:26:43
BTMC SJC,164500,167500,2026-05-08 10:26:43
Phú Qúy SJC,164500,167500,2026-05-08 10:26:43
PNJ TP.HCM,164300,167300,2026-05-08 10:26:43
PNJ Hà Nội,164300,167300,2026-05-08 10:26:43
SJC,164500,167500,2026-05-08 14:53:35
DOJI HN,164500,167500,2026-05-08 14:53:35
DOJI SG,164500,167500,2026-05-08 14:53:35
BTMH,164500,167400,2026-05-08 14:53:35
BTMC SJC,164500,167500,2026-05-08 14:53:35
Phú Qúy SJC,164500,167500,2026-05-08 14:53:35
PNJ TP.HCM,164300,167300,2026-05-08 14:53:35
PNJ Hà Nội,164300,167300,2026-05-08 14:53:35
SJC,164500,167500,2026-05-09 04:25:47
DOJI HN,164500,167500,2026-05-09 04:25:47
DOJI SG,164500,167500,2026-05-09 04:25:47
BTMH,164500,167400,2026-05-09 04:25:47
BTMC SJC,164500,167500,2026-05-09 04:25:47
Phú Qúy SJC,164500,167500,2026-05-09 04:25:47
PNJ TP.HCM,164300,167300,2026-05-09 04:25:47
PNJ Hà Nội,164300,167300,2026-05-09 04:25:47
SJC,164500,167500,2026-05-09 07:10:10
DOJI HN,164500,167500,2026-05-09 07:10:10
DOJI SG,164500,167500,2026-05-09 07:10:10
BTMH,164500,167400,2026-05-09 07:10:10
BTMC SJC,164500,167500,2026-05-09 07:10:10
Phú Qúy SJC,164500,167500,2026-05-09 07:10:10
PNJ TP.HCM,164300,167300,2026-05-09 07:10:10
PNJ Hà Nội,164300,167300,2026-05-09 07:10:10
SJC,164500,167500,2026-05-09 10:09:06
DOJI HN,164500,167500,2026-05-09 10:09:06
DOJI SG,164500,167500,2026-05-09 10:09:06
BTMH,164500,167400,2026-05-09 10:09:06
BTMC SJC,164500,167500,2026-05-09 10:09:06
Phú Qúy SJC,164500,167500,2026-05-09 10:09:06
PNJ TP.HCM,164300,167300,2026-05-09 10:09:06
PNJ Hà Nội,164300,167300,2026-05-09 10:09:06
SJC,164500,167500,2026-05-09 14:17:57
DOJI HN,164500,167500,2026-05-09 14:17:57
DOJI SG,164500,167500,2026-05-09 14:17:57
BTMH,164500,167400,2026-05-09 14:17:57
BTMC SJC,164500,167500,2026-05-09 14:17:57
Phú Qúy SJC,164500,167500,2026-05-09 14:17:57
PNJ TP.HCM,164300,167300,2026-05-09 14:17:57
PNJ Hà Nội,164300,167300,2026-05-09 14:17:57
SJC,164500,167500,2026-05-10 04:46:44
DOJI HN,164500,167500,2026-05-10 04:46:44
DOJI SG,164500,167500,2026-05-10 04:46:44
BTMH,164500,167400,2026-05-10 04:46:44
BTMC SJC,164500,167500,2026-05-10 04:46:44
Phú Qúy SJC,164500,167500,2026-05-10 04:46:44
PNJ TP.HCM,164300,167300,2026-05-10 04:46:44
PNJ Hà Nội,164300,167300,2026-05-10 04:46:44
SJC,164500,167500,2026-05-10 07:26:23
DOJI HN,164500,167500,2026-05-10 07:26:23
DOJI SG,164500,167500,2026-05-10 07:26:23
BTMH,164500,167400,2026-05-10 07:26:23
BTMC SJC,164500,167500,2026-05-10 07:26:23
Phú Qúy SJC,164500,167500,2026-05-10 07:26:23
PNJ TP.HCM,164300,167300,2026-05-10 07:26:23
PNJ Hà Nội,164300,167300,2026-05-10 07:26:23
SJC,164500,167500,2026-05-10 10:18:34
DOJI HN,164500,167500,2026-05-10 10:18:34
DOJI SG,164500,167500,2026-05-10 10:18:34
BTMH,164500,167400,2026-05-10 10:18:34
BTMC SJC,164500,167500,2026-05-10 10:18:34
Phú Qúy SJC,164500,167500,2026-05-10 10:18:34
PNJ TP.HCM,164300,167300,2026-05-10 10:18:34
PNJ Hà Nội,164300,167300,2026-05-10 10:18:34
SJC,164500,167500,2026-05-10 14:20:43
DOJI HN,164500,167500,2026-05-10 14:20:43
DOJI SG,164500,167500,2026-05-10 14:20:43
BTMH,164500,167400,2026-05-10 14:20:43
BTMC SJC,164500,167500,2026-05-10 14:20:43
Phú Qúy SJC,164500,167500,2026-05-10 14:20:43
PNJ TP.HCM,164300,167300,2026-05-10 14:20:43
PNJ Hà Nội,164300,167300,2026-05-10 14:20:43
SJC,162900,165900,2026-05-11 04:59:46
DOJI HN,162900,165900,2026-05-11 04:59:46
DOJI SG,162900,165900,2026-05-11 04:59:46
BTMH,162900,165800,2026-05-11 04:59:46
BTMC SJC,163400,166400,2026-05-11 04:59:46
Phú Qúy SJC,162900,165900,2026-05-11 04:59:46
PNJ TP.HCM,162800,165800,2026-05-11 04:59:46
PNJ Hà Nội,162800,165800,2026-05-11 04:59:46
SJC,162200,165200,2026-05-11 08:31:30
DOJI HN,162200,165200,2026-05-11 08:31:30
DOJI SG,162200,165200,2026-05-11 08:31:30
BTMH,162200,165100,2026-05-11 08:31:30
BTMC SJC,162900,165900,2026-05-11 08:31:30
Phú Qúy SJC,162200,165200,2026-05-11 08:31:30
PNJ TP.HCM,162200,165200,2026-05-11 08:31:30
PNJ Hà Nội,162200,165200,2026-05-11 08:31:30
SJC,162200,165200,2026-05-11 12:14:02
DOJI HN,162200,165200,2026-05-11 12:14:02
DOJI SG,162200,165200,2026-05-11 12:14:02
BTMH,162200,165100,2026-05-11 12:14:02
BTMC SJC,162200,165200,2026-05-11 12:14:02
Phú Qúy SJC,162200,165200,2026-05-11 12:14:02
PNJ TP.HCM,162200,165200,2026-05-11 12:14:02
PNJ Hà Nội,162200,165200,2026-05-11 12:14:02
SJC,162200,165200,2026-05-11 15:56:54
DOJI HN,162200,165200,2026-05-11 15:56:54
DOJI SG,162200,165200,2026-05-11 15:56:54
BTMH,162200,165100,2026-05-11 15:56:54
BTMC SJC,162200,165200,2026-05-11 15:56:54
Phú Qúy SJC,162200,165200,2026-05-11 15:56:54
PNJ TP.HCM,162200,165200,2026-05-11 15:56:54
PNJ Hà Nội,162200,165200,2026-05-11 15:56:54
SJC,163500,166500,2026-05-12 04:38:01
DOJI HN,163500,166500,2026-05-12 04:38:01
DOJI SG,163500,166500,2026-05-12 04:38:01
BTMH,163500,166400,2026-05-12 04:38:01
BTMC SJC,164000,167000,2026-05-12 04:38:01
Phú Qúy SJC,163500,166500,2026-05-12 04:38:01
PNJ TP.HCM,163300,166300,2026-05-12 04:38:01
PNJ Hà Nội,163300,166300,2026-05-12 04:38:01
SJC,162500,165500,2026-05-12 07:44:53
DOJI HN,162500,165500,2026-05-12 07:44:53
DOJI SG,162500,165500,2026-05-12 07:44:53
BTMH,162500,165400,2026-05-12 07:44:53
BTMC SJC,162500,165500,2026-05-12 07:44:53
Phú Qúy SJC,162500,165500,2026-05-12 07:44:53
PNJ TP.HCM,162500,165500,2026-05-12 07:44:53
PNJ Hà Nội,162500,165500,2026-05-12 07:44:53
SJC,162500,165500,2026-05-12 11:23:02
DOJI HN,162500,165500,2026-05-12 11:23:02
DOJI SG,162500,165500,2026-05-12 11:23:02
BTMH,162500,165400,2026-05-12 11:23:02
BTMC SJC,162500,165500,2026-05-12 11:23:02
Phú Qúy SJC,162500,165500,2026-05-12 11:23:02
PNJ TP.HCM,162500,165500,2026-05-12 11:23:02
PNJ Hà Nội,162500,165500,2026-05-12 11:23:02
SJC,162500,165500,2026-05-12 15:40:55
DOJI HN,162500,165500,2026-05-12 15:40:55
DOJI SG,162500,165500,2026-05-12 15:40:55
BTMH,162500,165400,2026-05-12 15:40:55
BTMC SJC,162500,165500,2026-05-12 15:40:55
Phú Qúy SJC,162500,165500,2026-05-12 15:40:55
PNJ TP.HCM,162500,165500,2026-05-12 15:40:55
PNJ Hà Nội,162500,165500,2026-05-12 15:40:55
SJC,162000,165000,2026-05-13 04:50:14
DOJI HN,162000,165000,2026-05-13 04:50:14
DOJI SG,162000,165000,2026-05-13 04:50:14
BTMH,162000,164900,2026-05-13 04:50:14
BTMC SJC,162000,165000,2026-05-13 04:50:14
Phú Qúy SJC,162000,165000,2026-05-13 04:50:14
PNJ TP.HCM,162000,165000,2026-05-13 04:50:14
PNJ Hà Nội,162000,165000,2026-05-13 04:50:14
SJC,162000,165000,2026-05-13 07:52:05
DOJI HN,162000,165000,2026-05-13 07:52:05
DOJI SG,162000,165000,2026-05-13 07:52:05
BTMH,162000,164900,2026-05-13 07:52:05
BTMC SJC,162000,165000,2026-05-13 07:52:05
Phú Qúy SJC,162000,165000,2026-05-13 07:52:05
PNJ TP.HCM,162000,165000,2026-05-13 07:52:05
PNJ Hà Nội,162000,165000,2026-05-13 07:52:05
SJC,162000,165000,2026-05-13 11:32:05
DOJI HN,162000,165000,2026-05-13 11:32:05
DOJI SG,162000,165000,2026-05-13 11:32:05
BTMH,162000,164900,2026-05-13 11:32:05
BTMC SJC,162000,165000,2026-05-13 11:32:05
Phú Qúy SJC,162000,165000,2026-05-13 11:32:05
PNJ TP.HCM,162000,165000,2026-05-13 11:32:05
PNJ Hà Nội,162000,165000,2026-05-13 11:32:05
SJC,162000,165000,2026-05-13 15:44:50
DOJI HN,162000,165000,2026-05-13 15:44:50
DOJI SG,162000,165000,2026-05-13 15:44:50
BTMH,162000,164900,2026-05-13 15:44:50
BTMC SJC,162000,165000,2026-05-13 15:44:50
Phú Qúy SJC,162000,165000,2026-05-13 15:44:50
PNJ TP.HCM,162000,165000,2026-05-13 15:44:50
PNJ Hà Nội,162000,165000,2026-05-13 15:44:50
SJC,162000,165000,2026-05-14 04:48:22
DOJI HN,162000,165000,2026-05-14 04:48:22
DOJI SG,162000,165000,2026-05-14 04:48:22
BTMH,162000,164900,2026-05-14 04:48:22
BTMC SJC,162000,165000,2026-05-14 04:48:22
Phú Qúy SJC,162000,165000,2026-05-14 04:48:22
PNJ TP.HCM,162000,165000,2026-05-14 04:48:22
PNJ Hà Nội,162000,165000,2026-05-14 04:48:22
SJC,162000,165000,2026-05-14 07:45:11
DOJI HN,162000,165000,2026-05-14 07:45:11
DOJI SG,162000,165000,2026-05-14 07:45:11
BTMH,162000,164900,2026-05-14 07:45:11
BTMC SJC,162000,165000,2026-05-14 07:45:11
Phú Qúy SJC,162000,165000,2026-05-14 07:45:11
PNJ TP.HCM,162000,165000,2026-05-14 07:45:11
PNJ Hà Nội,162000,165000,2026-05-14 07:45:11
SJC,162000,165000,2026-05-14 11:15:19
DOJI HN,162000,165000,2026-05-14 11:15:19
DOJI SG,162000,165000,2026-05-14 11:15:19
BTMH,162000,164900,2026-05-14 11:15:19
BTMC SJC,162000,165000,2026-05-14 11:15:19
Phú Qúy SJC,162000,165000,2026-05-14 11:15:19
PNJ TP.HCM,162000,165000,2026-05-14 11:15:19
PNJ Hà Nội,162000,165000,2026-05-14 11:15:19
SJC,162000,165000,2026-05-14 15:22:54
DOJI HN,162000,165000,2026-05-14 15:22:54
DOJI SG,162000,165000,2026-05-14 15:22:54
BTMH,162000,164900,2026-05-14 15:22:54
BTMC SJC,162000,165000,2026-05-14 15:22:54
Phú Qúy SJC,162000,165000,2026-05-14 15:22:54
PNJ TP.HCM,162000,165000,2026-05-14 15:22:54
PNJ Hà Nội,162000,165000,2026-05-14 15:22:54
SJC,161000,164000,2026-05-15 04:53:52
DOJI HN,161000,164000,2026-05-15 04:53:52
DOJI SG,161000,164000,2026-05-15 04:53:52
BTMH,161000,163900,2026-05-15 04:53:52
BTMC SJC,161000,165000,2026-05-15 04:53:52
Phú Qúy SJC,161000,164000,2026-05-15 04:53:52
PNJ TP.HCM,161000,164000,2026-05-15 04:53:52
PNJ Hà Nội,161000,164000,2026-05-15 04:53:52
SJC,161000,164000,2026-05-15 11:23:29
DOJI HN,160500,163500,2026-05-15 11:23:29
DOJI SG,160500,163500,2026-05-15 11:23:29
BTMH,161000,163900,2026-05-15 11:23:29
BTMC SJC,161000,164000,2026-05-15 11:23:29
Phú Qúy SJC,160500,163500,2026-05-15 11:23:29
PNJ TP.HCM,161000,164000,2026-05-15 11:23:29
PNJ Hà Nội,161000,164000,2026-05-15 11:23:29
SJC,161000,164000,2026-05-15 15:19:41
DOJI HN,160500,163500,2026-05-15 15:19:41
DOJI SG,160500,163500,2026-05-15 15:19:41
BTMH,161000,163900,2026-05-15 15:19:41
BTMC SJC,161000,164000,2026-05-15 15:19:41
Phú Qúy SJC,160500,163500,2026-05-15 15:19:41
PNJ TP.HCM,161000,164000,2026-05-15 15:19:41
PNJ Hà Nội,161000,164000,2026-05-15 15:19:41
SJC,160500,163500,2026-05-16 04:30:09
DOJI HN,160500,163500,2026-05-16 04:30:09
DOJI SG,160500,163500,2026-05-16 04:30:09
BTMH,160500,163400,2026-05-16 04:30:09
BTMC SJC,160500,163500,2026-05-16 04:30:09
Phú Qúy SJC,160500,163500,2026-05-16 04:30:09
PNJ TP.HCM,160500,163500,2026-05-16 04:30:09
PNJ Hà Nội,160500,163500,2026-05-16 04:30:09
SJC,160500,163500,2026-05-16 07:17:56
DOJI HN,160500,163500,2026-05-16 07:17:56
DOJI SG,160500,163500,2026-05-16 07:17:56
BTMH,160500,163400,2026-05-16 07:17:56
BTMC SJC,160500,163500,2026-05-16 07:17:56
Phú Qúy SJC,160500,163500,2026-05-16 07:17:56
PNJ TP.HCM,160500,163500,2026-05-16 07:17:56
PNJ Hà Nội,160500,163500,2026-05-16 07:17:56
SJC,160500,163500,2026-05-16 10:19:15
DOJI HN,160500,163500,2026-05-16 10:19:15
DOJI SG,160500,163500,2026-05-16 10:19:15
BTMH,160500,163400,2026-05-16 10:19:15
BTMC SJC,160500,163500,2026-05-16 10:19:15
Phú Qúy SJC,160500,163500,2026-05-16 10:19:15
PNJ TP.HCM,160500,163500,2026-05-16 10:19:15
PNJ Hà Nội,160500,163500,2026-05-16 10:19:15
SJC,160500,163500,2026-05-16 14:23:09
DOJI HN,160500,163500,2026-05-16 14:23:09
DOJI SG,160500,163500,2026-05-16 14:23:09
BTMH,160500,163400,2026-05-16 14:23:09
BTMC SJC,160500,163500,2026-05-16 14:23:09
Phú Qúy SJC,160500,163500,2026-05-16 14:23:09
PNJ TP.HCM,160500,163500,2026-05-16 14:23:09
PNJ Hà Nội,160500,163500,2026-05-16 14:23:09
SJC,160500,163500,2026-05-17 04:54:17
DOJI HN,160500,163500,2026-05-17 04:54:17
DOJI SG,160500,163500,2026-05-17 04:54:17
BTMH,160500,163400,2026-05-17 04:54:17
BTMC SJC,160500,163500,2026-05-17 04:54:17
Phú Qúy SJC,160500,163500,2026-05-17 04:54:17
PNJ TP.HCM,160500,163500,2026-05-17 04:54:17
PNJ Hà Nội,160500,163500,2026-05-17 04:54:17
SJC,160500,163500,2026-05-17 07:34:10
DOJI HN,160500,163500,2026-05-17 07:34:10
DOJI SG,160500,163500,2026-05-17 07:34:10
BTMH,160500,163400,2026-05-17 07:34:10
BTMC SJC,160500,163500,2026-05-17 07:34:10
Phú Qúy SJC,160500,163500,2026-05-17 07:34:10
PNJ TP.HCM,160500,163500,2026-05-17 07:34:10
PNJ Hà Nội,160500,163500,2026-05-17 07:34:10
SJC,160500,163500,2026-05-17 10:24:30
DOJI HN,160500,163500,2026-05-17 10:24:30
DOJI SG,160500,163500,2026-05-17 10:24:30
BTMH,160500,163400,2026-05-17 10:24:30
BTMC SJC,160500,163500,2026-05-17 10:24:30
Phú Qúy SJC,160500,163500,2026-05-17 10:24:30
PNJ TP.HCM,160500,163500,2026-05-17 10:24:30
PNJ Hà Nội,160500,163500,2026-05-17 10:24:30
SJC,160500,163500,2026-05-17 14:26:27
DOJI HN,160500,163500,2026-05-17 14:26:27
DOJI SG,160500,163500,2026-05-17 14:26:27
BTMH,160500,163400,2026-05-17 14:26:27
BTMC SJC,160500,163500,2026-05-17 14:26:27
Phú Qúy SJC,160500,163500,2026-05-17 14:26:27
PNJ TP.HCM,160500,163500,2026-05-17 14:26:27
PNJ Hà Nội,160500,163500,2026-05-17 14:26:27
SJC,160500,163500,2026-05-18 05:08:16
DOJI HN,160500,163500,2026-05-18 05:08:16
DOJI SG,160500,163500,2026-05-18 05:08:16
BTMH,160500,163500,2026-05-18 05:08:16
BTMC SJC,160500,163500,2026-05-18 05:08:16
Phú Qúy SJC,160500,163500,2026-05-18 05:08:16
PNJ TP.HCM,160500,163500,2026-05-18 05:08:16
PNJ Hà Nội,160500,163500,2026-05-18 05:08:16
SJC,161300,163800,2026-05-18 12:36:22
DOJI HN,161300,163800,2026-05-18 12:36:22
DOJI SG,161300,163800,2026-05-18 12:36:22
BTMH,160800,163800,2026-05-18 12:36:22
BTMC SJC,161300,163800,2026-05-18 12:36:22
Phú Qúy SJC,160500,163500,2026-05-18 12:36:22
PNJ TP.HCM,160800,163800,2026-05-18 12:36:22
PNJ Hà Nội,160800,163800,2026-05-18 12:36:22
SJC,161300,163800,2026-05-18 16:28:06
DOJI HN,161300,163800,2026-05-18 16:28:06
DOJI SG,161300,163800,2026-05-18 16:28:06
BTMH,160800,163800,2026-05-18 16:28:06
BTMC SJC,161300,163800,2026-05-18 16:28:06
Phú Qúy SJC,160500,163500,2026-05-18 16:28:06
PNJ TP.HCM,160800,163800,2026-05-18 16:28:06
PNJ Hà Nội,160800,163800,2026-05-18 16:28:06
SJC,161000,163500,2026-05-19 05:04:30
DOJI HN,161000,163500,2026-05-19 05:04:30
DOJI SG,161000,163500,2026-05-19 05:04:30
BTMH,160500,163500,2026-05-19 05:04:30
BTMC SJC,160500,163500,2026-05-19 05:04:30
Phú Qúy SJC,160500,163500,2026-05-19 05:04:30
PNJ TP.HCM,161000,163500,2026-05-19 05:04:30
PNJ Hà Nội,161000,163500,2026-05-19 05:04:30
SJC,161000,163500,2026-05-19 12:13:06
DOJI HN,161000,163500,2026-05-19 12:13:06
DOJI SG,161000,163500,2026-05-19 12:13:06
BTMH,160500,163500,2026-05-19 12:13:06
BTMC SJC,160500,163500,2026-05-19 12:13:06
Phú Qúy SJC,160500,163500,2026-05-19 12:13:06
PNJ TP.HCM,161000,163500,2026-05-19 12:13:06
PNJ Hà Nội,161000,163500,2026-05-19 12:13:06
SJC,161000,163500,2026-05-19 16:24:09
DOJI HN,161000,163500,2026-05-19 16:24:09
DOJI SG,161000,163500,2026-05-19 16:24:09
BTMH,160500,163500,2026-05-19 16:24:09
BTMC SJC,160500,163500,2026-05-19 16:24:09
Phú Qúy SJC,160500,163500,2026-05-19 16:24:09
PNJ TP.HCM,161000,163500,2026-05-19 16:24:09
PNJ Hà Nội,161000,163500,2026-05-19 16:24:09
SJC,159000,162000,2026-05-20 05:07:22
DOJI HN,159000,162000,2026-05-20 05:07:22
DOJI SG,159000,162000,2026-05-20 05:07:22
BTMH,159000,162000,2026-05-20 05:07:22
BTMC SJC,159000,162000,2026-05-20 05:07:22
Phú Qúy SJC,159000,162000,2026-05-20 05:07:22
PNJ TP.HCM,159000,162000,2026-05-20 05:07:22
PNJ Hà Nội,159000,162000,2026-05-20 05:07:22
SJC,159000,162000,2026-05-20 11:50:21
DOJI HN,158500,161500,2026-05-20 11:50:21
DOJI SG,158500,161500,2026-05-20 11:50:21
BTMH,159000,162000,2026-05-20 11:50:21
BTMC SJC,159000,162000,2026-05-20 11:50:21
Phú Qúy SJC,158500,161500,2026-05-20 11:50:21
PNJ TP.HCM,159000,162000,2026-05-20 11:50:21
PNJ Hà Nội,159000,162000,2026-05-20 11:50:21
SJC,159000,162000,2026-05-20 16:28:00
DOJI HN,158500,161500,2026-05-20 16:28:00
DOJI SG,158500,161500,2026-05-20 16:28:00
BTMH,159000,162000,2026-05-20 16:28:00
BTMC SJC,159000,162000,2026-05-20 16:28:00
Phú Qúy SJC,158500,161500,2026-05-20 16:28:00
PNJ TP.HCM,159000,162000,2026-05-20 16:28:00
PNJ Hà Nội,159000,162000,2026-05-20 16:28:00
SJC,160000,163000,2026-05-21 05:11:11
DOJI HN,160000,163000,2026-05-21 05:11:11
DOJI SG,160000,163000,2026-05-21 05:11:11
BTMH,160000,163000,2026-05-21 05:11:11
BTMC SJC,160000,163000,2026-05-21 05:11:11
Phú Qúy SJC,160000,163000,2026-05-21 05:11:11
PNJ TP.HCM,160000,163000,2026-05-21 05:11:11
PNJ Hà Nội,160000,163000,2026-05-21 05:11:11
SJC,159400,162400,2026-05-21 12:18:11
DOJI HN,159400,162400,2026-05-21 12:18:11
DOJI SG,159400,162400,2026-05-21 12:18:11
BTMH,159400,162400,2026-05-21 12:18:11
BTMC SJC,159400,162400,2026-05-21 12:18:11
Phú Qúy SJC,159400,162400,2026-05-21 12:18:11
PNJ TP.HCM,159400,162400,2026-05-21 12:18:11
PNJ Hà Nội,159400,162400,2026-05-21 12:18:11
SJC,159400,162400,2026-05-21 16:17:36
DOJI HN,159400,162400,2026-05-21 16:17:36
DOJI SG,159400,162400,2026-05-21 16:17:36
BTMH,159400,162400,2026-05-21 16:17:36
BTMC SJC,159400,162400,2026-05-21 16:17:36
Phú Qúy SJC,159400,162400,2026-05-21 16:17:36
PNJ TP.HCM,159400,162400,2026-05-21 16:17:36
PNJ Hà Nội,159400,162400,2026-05-21 16:17:36
SJC,159000,162000,2026-05-22 05:04:32
DOJI HN,159000,162000,2026-05-22 05:04:32
DOJI SG,159000,162000,2026-05-22 05:04:32
BTMH,159000,162000,2026-05-22 05:04:32
BTMC SJC,159000,162000,2026-05-22 05:04:32
Phú Qúy SJC,159000,162000,2026-05-22 05:04:32
PNJ TP.HCM,159000,162000,2026-05-22 05:04:32
PNJ Hà Nội,159000,162000,2026-05-22 05:04:32
SJC,159000,162000,2026-05-22 11:46:58
DOJI HN,159000,162000,2026-05-22 11:46:58
DOJI SG,159000,162000,2026-05-22 11:46:58
BTMH,159000,162000,2026-05-22 11:46:58
BTMC SJC,159000,162000,2026-05-22 11:46:58
Phú Qúy SJC,159000,162000,2026-05-22 11:46:58
PNJ TP.HCM,159000,162000,2026-05-22 11:46:58
PNJ Hà Nội,159000,162000,2026-05-22 11:46:58
SJC,159000,162000,2026-05-22 15:50:29
DOJI HN,159000,162000,2026-05-22 15:50:29
DOJI SG,159000,162000,2026-05-22 15:50:29
BTMH,159000,162000,2026-05-22 15:50:29
BTMC SJC,159000,162000,2026-05-22 15:50:29
Phú Qúy SJC,159000,162000,2026-05-22 15:50:29
PNJ TP.HCM,159000,162000,2026-05-22 15:50:29
PNJ Hà Nội,159000,162000,2026-05-22 15:50:29
SJC,158500,161500,2026-05-23 04:43:45
DOJI HN,158500,161500,2026-05-23 04:43:45
DOJI SG,158500,161500,2026-05-23 04:43:45
BTMH,158500,161500,2026-05-23 04:43:45
BTMC SJC,158500,161500,2026-05-23 04:43:45
Phú Qúy SJC,158500,161500,2026-05-23 04:43:45
PNJ TP.HCM,158500,161500,2026-05-23 04:43:45
PNJ Hà Nội,158500,161500,2026-05-23 04:43:45
SJC,158500,161500,2026-05-23 07:33:26
DOJI HN,158500,161500,2026-05-23 07:33:26
DOJI SG,158500,161500,2026-05-23 07:33:26
BTMH,158500,161500,2026-05-23 07:33:26
BTMC SJC,158500,161500,2026-05-23 07:33:26
Phú Qúy SJC,158500,161500,2026-05-23 07:33:26
PNJ TP.HCM,158500,161500,2026-05-23 07:33:26
PNJ Hà Nội,158500,161500,2026-05-23 07:33:26
SJC,158500,161500,2026-05-23 10:38:20
DOJI HN,158500,161500,2026-05-23 10:38:20
DOJI SG,158500,161500,2026-05-23 10:38:20
BTMH,158500,161500,2026-05-23 10:38:20
BTMC SJC,158500,161500,2026-05-23 10:38:20
Phú Qúy SJC,158500,161500,2026-05-23 10:38:20
PNJ TP.HCM,158500,161500,2026-05-23 10:38:20
PNJ Hà Nội,158500,161500,2026-05-23 10:38:20
SJC,158500,161500,2026-05-23 14:40:56
DOJI HN,158500,161500,2026-05-23 14:40:56
DOJI SG,158500,161500,2026-05-23 14:40:56
BTMH,158500,161500,2026-05-23 14:40:56
BTMC SJC,158500,161500,2026-05-23 14:40:56
Phú Qúy SJC,158500,161500,2026-05-23 14:40:56
PNJ TP.HCM,158500,161500,2026-05-23 14:40:56
PNJ Hà Nội,158500,161500,2026-05-23 14:40:56
SJC,158500,161500,2026-05-24 05:03:21
DOJI HN,158500,161500,2026-05-24 05:03:21
DOJI SG,158500,161500,2026-05-24 05:03:21
BTMH,158500,161500,2026-05-24 05:03:21
BTMC SJC,158500,161500,2026-05-24 05:03:21
Phú Qúy SJC,158500,161500,2026-05-24 05:03:21
PNJ TP.HCM,158500,161500,2026-05-24 05:03:21
PNJ Hà Nội,158500,161500,2026-05-24 05:03:21
SJC,158500,161500,2026-05-24 10:43:15
DOJI HN,158500,161500,2026-05-24 10:43:15
DOJI SG,158500,161500,2026-05-24 10:43:15
BTMH,158500,161500,2026-05-24 10:43:15
BTMC SJC,158500,161500,2026-05-24 10:43:15
Phú Qúy SJC,158500,161500,2026-05-24 10:43:15
PNJ TP.HCM,158500,161500,2026-05-24 10:43:15
PNJ Hà Nội,158500,161500,2026-05-24 10:43:15
SJC,158500,161500,2026-05-24 14:25:46
DOJI HN,158500,161500,2026-05-24 14:25:46
DOJI SG,158500,161500,2026-05-24 14:25:46
BTMH,158500,161500,2026-05-24 14:25:46
BTMC SJC,158500,161500,2026-05-24 14:25:46
Phú Qúy SJC,158500,161500,2026-05-24 14:25:46
PNJ TP.HCM,158500,161500,2026-05-24 14:25:46
PNJ Hà Nội,158500,161500,2026-05-24 14:25:46
SJC,159000,162000,2026-05-25 05:23:06
DOJI HN,159000,162000,2026-05-25 05:23:06
DOJI SG,159000,162000,2026-05-25 05:23:06
BTMH,159000,162000,2026-05-25 05:23:06
BTMC SJC,159000,162000,2026-05-25 05:23:06
Phú Qúy SJC,159000,162000,2026-05-25 05:23:06
PNJ TP.HCM,159000,162000,2026-05-25 05:23:06
PNJ Hà Nội,159000,162000,2026-05-25 05:23:06
SJC,159000,162000,2026-05-25 12:34:51
DOJI HN,159000,162000,2026-05-25 12:34:51
DOJI SG,159000,162000,2026-05-25 12:34:51
BTMH,159000,162000,2026-05-25 12:34:51
BTMC SJC,159000,162000,2026-05-25 12:34:51
Phú Qúy SJC,158700,162000,2026-05-25 12:34:51
PNJ TP.HCM,159000,162000,2026-05-25 12:34:51
PNJ Hà Nội,159000,162000,2026-05-25 12:34:51
SJC,159000,162000,2026-05-25 15:53:15
DOJI HN,159000,162000,2026-05-25 15:53:15
DOJI SG,159000,162000,2026-05-25 15:53:15
BTMH,159000,162000,2026-05-25 15:53:15
BTMC SJC,159000,162000,2026-05-25 15:53:15
Phú Qúy SJC,158700,162000,2026-05-25 15:53:15
PNJ TP.HCM,159000,162000,2026-05-25 15:53:15
PNJ Hà Nội,159000,162000,2026-05-25 15:53:15
SJC,158500,161500,2026-05-26 05:05:33
DOJI HN,158500,161500,2026-05-26 05:05:33
DOJI SG,158500,161500,2026-05-26 05:05:33
BTMH,158500,161500,2026-05-26 05:05:33
BTMC SJC,158500,161500,2026-05-26 05:05:33
Phú Qúy SJC,158300,161500,2026-05-26 05:05:33
PNJ TP.HCM,158500,161500,2026-05-26 05:05:33
PNJ Hà Nội,158500,161500,2026-05-26 05:05:33
SJC,158500,161500,2026-05-26 16:43:37
DOJI HN,158500,161500,2026-05-26 16:43:37
DOJI SG,158500,161500,2026-05-26 16:43:37
BTMH,158500,161500,2026-05-26 16:43:37
BTMC SJC,158500,161500,2026-05-26 16:43:37
Phú Qúy SJC,158300,161500,2026-05-26 16:43:37
PNJ TP.HCM,158500,161500,2026-05-26 16:43:37
PNJ Hà Nội,158500,161500,2026-05-26 16:43:37
SJC,157700,160700,2026-05-27 05:19:31
DOJI HN,157700,160700,2026-05-27 05:19:31
DOJI SG,157700,160700,2026-05-27 05:19:31
BTMH,157700,160700,2026-05-27 05:19:31
BTMC SJC,157700,160700,2026-05-27 05:19:31
Phú Qúy SJC,157500,160700,2026-05-27 05:19:31
PNJ TP.HCM,157500,160500,2026-05-27 05:19:31
PNJ Hà Nội,157500,160500,2026-05-27 05:19:31
SJC,157700,160700,2026-05-27 12:22:54
DOJI HN,157700,160700,2026-05-27 12:22:54
DOJI SG,157700,160700,2026-05-27 12:22:54
BTMH,157500,160500,2026-05-27 12:22:54
BTMC SJC,157700,160700,2026-05-27 12:22:54
Phú Qúy SJC,157500,160700,2026-05-27 12:22:54
PNJ TP.HCM,157500,160500,2026-05-27 12:22:54
PNJ Hà Nội,157500,160500,2026-05-27 12:22:54
SJC,157700,160700,2026-05-27 16:39:33
DOJI HN,157700,160700,2026-05-27 16:39:33
DOJI SG,157700,160700,2026-05-27 16:39:33
BTMH,157500,160500,2026-05-27 16:39:33
BTMC SJC,157700,160700,2026-05-27 16:39:33
Phú Qúy SJC,157500,160700,2026-05-27 16:39:33
PNJ TP.HCM,157500,160500,2026-05-27 16:39:33
PNJ Hà Nội,157500,160500,2026-05-27 16:39:33
SJC,154800,157800,2026-05-28 05:11:14
DOJI HN,154800,157800,2026-05-28 05:11:14
DOJI SG,154800,157800,2026-05-28 05:11:14
BTMH,154800,157800,2026-05-28 05:11:14
BTMC SJC,154800,157800,2026-05-28 05:11:14
Phú Qúy SJC,154800,157800,2026-05-28 05:11:14
PNJ TP.HCM,154800,157800,2026-05-28 05:11:14
PNJ Hà Nội,154800,157800,2026-05-28 05:11:14
SJC,154500,157500,2026-05-28 12:31:07
DOJI HN,154500,157500,2026-05-28 12:31:07
DOJI SG,154500,157500,2026-05-28 12:31:07
BTMH,154500,157500,2026-05-28 12:31:07
BTMC SJC,154500,157500,2026-05-28 12:31:07
Phú Qúy SJC,154500,157500,2026-05-28 12:31:07
PNJ TP.HCM,154500,157500,2026-05-28 12:31:07
PNJ Hà Nội,154500,157500,2026-05-28 12:31:07
SJC,154500,157500,2026-05-28 16:55:46
DOJI HN,154500,157500,2026-05-28 16:55:46
DOJI SG,154500,157500,2026-05-28 16:55:46
BTMH,154500,157500,2026-05-28 16:55:46
BTMC SJC,154500,157500,2026-05-28 16:55:46
Phú Qúy SJC,154500,157500,2026-05-28 16:55:46
PNJ TP.HCM,154500,157500,2026-05-28 16:55:46
PNJ Hà Nội,154500,157500,2026-05-28 16:55:46
SJC,155500,158500,2026-05-29 05:15:37
DOJI HN,155500,158500,2026-05-29 05:15:37
DOJI SG,155500,158500,2026-05-29 05:15:37
BTMH,155500,158500,2026-05-29 05:15:37
BTMC SJC,155500,158500,2026-05-29 05:15:37
Phú Qúy SJC,155000,158500,2026-05-29 05:15:37
PNJ TP.HCM,155500,158500,2026-05-29 05:15:37
PNJ Hà Nội,155500,158500,2026-05-29 05:15:37
SJC,155500,158500,2026-05-29 12:18:02
DOJI HN,155500,158500,2026-05-29 12:18:02
DOJI SG,155500,158500,2026-05-29 12:18:02
BTMH,155500,158500,2026-05-29 12:18:02
BTMC SJC,155000,158500,2026-05-29 12:18:02
Phú Qúy SJC,155000,158500,2026-05-29 12:18:02
PNJ TP.HCM,155500,158500,2026-05-29 12:18:02
PNJ Hà Nội,155500,158500,2026-05-29 12:18:02
SJC,155500,158500,2026-05-29 16:43:57
DOJI HN,155500,158500,2026-05-29 16:43:57
DOJI SG,155500,158500,2026-05-29 16:43:57
BTMH,155500,158500,2026-05-29 16:43:57
BTMC SJC,155000,158500,2026-05-29 16:43:57
Phú Qúy SJC,155000,158500,2026-05-29 16:43:57
PNJ TP.HCM,155500,158500,2026-05-29 16:43:57
PNJ Hà Nội,155500,158500,2026-05-29 16:43:57
SJC,156000,159000,2026-05-30 04:54:07
DOJI HN,156000,159000,2026-05-30 04:54:07
DOJI SG,156000,159000,2026-05-30 04:54:07
BTMH,156000,159000,2026-05-30 04:54:07
BTMC SJC,156000,159000,2026-05-30 04:54:07
Phú Qúy SJC,155500,159000,2026-05-30 04:54:07
PNJ TP.HCM,156000,159000,2026-05-30 04:54:07
PNJ Hà Nội,156000,159000,2026-05-30 04:54:07
SJC,156000,159000,2026-05-30 07:42:26
DOJI HN,156000,159000,2026-05-30 07:42:26
DOJI SG,156000,159000,2026-05-30 07:42:26
BTMH,156000,159000,2026-05-30 07:42:26
BTMC SJC,156000,159000,2026-05-30 07:42:26
Phú Qúy SJC,155500,159000,2026-05-30 07:42:26
PNJ TP.HCM,156000,159000,2026-05-30 07:42:26
PNJ Hà Nội,156000,159000,2026-05-30 07:42:26
SJC,156000,159000,2026-05-30 10:48:45
DOJI HN,156000,159000,2026-05-30 10:48:45
DOJI SG,156000,159000,2026-05-30 10:48:45
BTMH,156000,159000,2026-05-30 10:48:45
BTMC SJC,156000,159000,2026-05-30 10:48:45
Phú Qúy SJC,155500,159000,2026-05-30 10:48:45
PNJ TP.HCM,156000,159000,2026-05-30 10:48:45
PNJ Hà Nội,156000,159000,2026-05-30 10:48:45
SJC,156000,159000,2026-05-30 14:42:07
DOJI HN,156000,159000,2026-05-30 14:42:07
DOJI SG,156000,159000,2026-05-30 14:42:07
BTMH,156000,159000,2026-05-30 14:42:07
BTMC SJC,156000,159000,2026-05-30 14:42:07
Phú Qúy SJC,155500,159000,2026-05-30 14:42:07
PNJ TP.HCM,156000,159000,2026-05-30 14:42:07
PNJ Hà Nội,156000,159000,2026-05-30 14:42:07
SJC,156000,159000,2026-05-31 05:21:15
DOJI HN,156000,159000,2026-05-31 05:21:15
DOJI SG,156000,159000,2026-05-31 05:21:15
BTMH,156000,159000,2026-05-31 05:21:15
BTMC SJC,156000,159000,2026-05-31 05:21:15
Phú Qúy SJC,155500,159000,2026-05-31 05:21:15
PNJ TP.HCM,156000,159000,2026-05-31 05:21:15
PNJ Hà Nội,156000,159000,2026-05-31 05:21:15
SJC,156000,159000,2026-05-31 11:00:41
DOJI HN,156000,159000,2026-05-31 11:00:41
DOJI SG,156000,159000,2026-05-31 11:00:41
BTMH,156000,159000,2026-05-31 11:00:41
BTMC SJC,156000,159000,2026-05-31 11:00:41
Phú Qúy SJC,155500,159000,2026-05-31 11:00:41
PNJ TP.HCM,156000,159000,2026-05-31 11:00:41
PNJ Hà Nội,156000,159000,2026-05-31 11:00:41
SJC,156000,159000,2026-05-31 14:48:47
DOJI HN,156000,159000,2026-05-31 14:48:47
DOJI SG,156000,159000,2026-05-31 14:48:47
BTMH,156000,159000,2026-05-31 14:48:47
BTMC SJC,156000,159000,2026-05-31 14:48:47
Phú Qúy SJC,155500,159000,2026-05-31 14:48:47
PNJ TP.HCM,156000,159000,2026-05-31 14:48:47
PNJ Hà Nội,156000,159000,2026-05-31 14:48:47
SJC,155500,158500,2026-06-01 06:06:35
DOJI HN,155500,158500,2026-06-01 06:06:35
DOJI SG,155500,158500,2026-06-01 06:06:35
BTMH,156000,159000,2026-06-01 06:06:35
BTMC SJC,155500,158500,2026-06-01 06:06:35
Phú Qúy SJC,155000,158500,2026-06-01 06:06:35
PNJ TP.HCM,155500,158500,2026-06-01 06:06:35
PNJ Hà Nội,155500,158500,2026-06-01 06:06:35
SJC,155500,158500,2026-06-01 15:24:55
DOJI HN,155500,158500,2026-06-01 15:24:55
DOJI SG,155500,158500,2026-06-01 15:24:55
BTMH,155500,158500,2026-06-01 15:24:55
BTMC SJC,155500,158500,2026-06-01 15:24:55
Phú Qúy SJC,155000,158500,2026-06-01 15:24:55
PNJ TP.HCM,155500,158500,2026-06-01 15:24:55
PNJ Hà Nội,155500,158500,2026-06-01 15:24:55
SJC,154500,157500,2026-06-02 05:52:05
DOJI HN,154500,157500,2026-06-02 05:52:05
DOJI SG,154500,157500,2026-06-02 05:52:05
BTMH,154500,157500,2026-06-02 05:52:05
BTMC SJC,154500,157500,2026-06-02 05:52:05
Phú Qúy SJC,154200,157500,2026-06-02 05:52:05
PNJ TP.HCM,154500,157500,2026-06-02 05:52:05
PNJ Hà Nội,154500,157500,2026-06-02 05:52:05
SJC,154500,157500,2026-06-02 12:45:24
DOJI HN,154500,157500,2026-06-02 12:45:24
DOJI SG,154500,157500,2026-06-02 12:45:24
BTMH,154500,157500,2026-06-02 12:45:24
BTMC SJC,154500,157500,2026-06-02 12:45:24
Phú Qúy SJC,154200,157500,2026-06-02 12:45:24
PNJ TP.HCM,154500,157500,2026-06-02 12:45:24
PNJ Hà Nội,154500,157500,2026-06-02 12:45:24
SJC,154500,157500,2026-06-02 17:26:17
DOJI HN,154500,157500,2026-06-02 17:26:17
DOJI SG,154500,157500,2026-06-02 17:26:17
BTMH,154500,157500,2026-06-02 17:26:17
BTMC SJC,154500,157500,2026-06-02 17:26:17
Phú Qúy SJC,154200,157500,2026-06-02 17:26:17
PNJ TP.HCM,154500,157500,2026-06-02 17:26:17
PNJ Hà Nội,154500,157500,2026-06-02 17:26:17
SJC,154000,157000,2026-06-03 06:06:12
DOJI HN,154000,157000,2026-06-03 06:06:12
DOJI SG,154000,157000,2026-06-03 06:06:12
BTMH,154000,157000,2026-06-03 06:06:12
BTMC SJC,154000,157000,2026-06-03 06:06:12
Phú Qúy SJC,154000,157000,2026-06-03 06:06:12
PNJ TP.HCM,154000,157000,2026-06-03 06:06:12
PNJ Hà Nội,154000,157000,2026-06-03 06:06:12
SJC,154000,157000,2026-06-03 13:19:09
DOJI HN,154000,157000,2026-06-03 13:19:09
DOJI SG,154000,157000,2026-06-03 13:19:09
BTMH,154000,157000,2026-06-03 13:19:09
BTMC SJC,154000,157000,2026-06-03 13:19:09
Phú Qúy SJC,154000,157000,2026-06-03 13:19:09
PNJ TP.HCM,154000,157000,2026-06-03 13:19:09
PNJ Hà Nội,154000,157000,2026-06-03 13:19:09
SJC,153500,156500,2026-06-04 05:58:26
DOJI HN,153500,156500,2026-06-04 05:58:26
DOJI SG,153500,156500,2026-06-04 05:58:26
BTMH,153500,156500,2026-06-04 05:58:26
BTMC SJC,153500,156500,2026-06-04 05:58:26
Phú Qúy SJC,153500,156500,2026-06-04 05:58:26
PNJ TP.HCM,153500,156500,2026-06-04 05:58:26
PNJ Hà Nội,153500,156500,2026-06-04 05:58:26
SJC,153000,156000,2026-06-04 11:57:59
DOJI HN,153000,156000,2026-06-04 11:57:59
DOJI SG,153000,156000,2026-06-04 11:57:59
BTMH,153000,156000,2026-06-04 11:57:59
BTMC SJC,153000,156000,2026-06-04 11:57:59
Phú Qúy SJC,153000,156000,2026-06-04 11:57:59
PNJ TP.HCM,153000,156000,2026-06-04 11:57:59
PNJ Hà Nội,153000,156000,2026-06-04 11:57:59
SJC,153000,156000,2026-06-04 16:20:48
DOJI HN,153000,156000,2026-06-04 16:20:48
DOJI SG,153000,156000,2026-06-04 16:20:48
BTMH,153000,156000,2026-06-04 16:20:48
BTMC SJC,153000,156000,2026-06-04 16:20:48
Phú Qúy SJC,153000,156000,2026-06-04 16:20:48
PNJ TP.HCM,153000,156000,2026-06-04 16:20:48
PNJ Hà Nội,153000,156000,2026-06-04 16:20:48
SJC,150800,153800,2026-06-05 05:21:35
DOJI HN,150800,153800,2026-06-05 05:21:35
DOJI SG,150800,153800,2026-06-05 05:21:35
BTMH,150800,153800,2026-06-05 05:21:35
BTMC SJC,150800,153800,2026-06-05 05:21:35
Phú Qúy SJC,150800,153800,2026-06-05 05:21:35
PNJ TP.HCM,150800,153800,2026-06-05 05:21:35
PNJ Hà Nội,150800,153800,2026-06-05 05:21:35
SJC,149200,153200,2026-06-05 12:10:25
DOJI HN,149200,153200,2026-06-05 12:10:25
DOJI SG,149200,153200,2026-06-05 12:10:25
BTMH,149200,152700,2026-06-05 12:10:25
BTMC SJC,149200,153200,2026-06-05 12:10:25
Phú Qúy SJC,149200,153200,2026-06-05 12:10:25
PNJ TP.HCM,150200,153200,2026-06-05 12:10:25
PNJ Hà Nội,150200,153200,2026-06-05 12:10:25
SJC,149200,153200,2026-06-05 15:57:16
DOJI HN,149200,153200,2026-06-05 15:57:16
DOJI SG,149200,153200,2026-06-05 15:57:16
BTMH,149200,152700,2026-06-05 15:57:16
BTMC SJC,149200,153200,2026-06-05 15:57:16
Phú Qúy SJC,149200,153200,2026-06-05 15:57:16
PNJ TP.HCM,150200,153200,2026-06-05 15:57:16
PNJ Hà Nội,150200,153200,2026-06-05 15:57:16
SJC,146200,150200,2026-06-06 04:55:55
DOJI HN,146200,150200,2026-06-06 04:55:55
DOJI SG,146200,150200,2026-06-06 04:55:55
BTMH,146200,149600,2026-06-06 04:55:55
BTMC SJC,146200,150200,2026-06-06 04:55:55
Phú Qúy SJC,146200,150200,2026-06-06 04:55:55
PNJ TP.HCM,146200,150200,2026-06-06 04:55:55
PNJ Hà Nội,146200,150200,2026-06-06 04:55:55
SJC,146200,150200,2026-06-06 07:48:49
DOJI HN,146200,150200,2026-06-06 07:48:49
DOJI SG,146200,150200,2026-06-06 07:48:49
BTMH,146200,149600,2026-06-06 07:48:49
BTMC SJC,146200,150200,2026-06-06 07:48:49
Phú Qúy SJC,146200,150200,2026-06-06 07:48:49
PNJ TP.HCM,146200,150200,2026-06-06 07:48:49
PNJ Hà Nội,146200,150200,2026-06-06 07:48:49
SJC,146200,150200,2026-06-06 10:55:44
DOJI HN,146200,150200,2026-06-06 10:55:44
DOJI SG,146200,150200,2026-06-06 10:55:44
BTMH,146200,149600,2026-06-06 10:55:44
BTMC SJC,146200,150200,2026-06-06 10:55:44
Phú Qúy SJC,146200,150200,2026-06-06 10:55:44
PNJ TP.HCM,146200,150200,2026-06-06 10:55:44
PNJ Hà Nội,146200,150200,2026-06-06 10:55:44
SJC,146200,150200,2026-06-06 14:44:25
DOJI HN,146200,150200,2026-06-06 14:44:25
DOJI SG,146200,150200,2026-06-06 14:44:25
BTMH,146200,149600,2026-06-06 14:44:25
BTMC SJC,146200,150200,2026-06-06 14:44:25
Phú Qúy SJC,146200,150200,2026-06-06 14:44:25
PNJ TP.HCM,146200,150200,2026-06-06 14:44:25
PNJ Hà Nội,146200,150200,2026-06-06 14:44:25
SJC,146200,150200,2026-06-07 05:24:52
DOJI HN,146200,150200,2026-06-07 05:24:52
DOJI SG,146200,150200,2026-06-07 05:24:52
BTMH,146200,149600,2026-06-07 05:24:52
BTMC SJC,146200,150200,2026-06-07 05:24:52
Phú Qúy SJC,146200,150200,2026-06-07 05:24:52
PNJ TP.HCM,146200,150200,2026-06-07 05:24:52
PNJ Hà Nội,146200,150200,2026-06-07 05:24:52
SJC,146200,150200,2026-06-07 11:10:47
DOJI HN,146200,150200,2026-06-07 11:10:47
DOJI SG,146200,150200,2026-06-07 11:10:47
BTMH,146200,149600,2026-06-07 11:10:47
BTMC SJC,146200,150200,2026-06-07 11:10:47
Phú Qúy SJC,146200,150200,2026-06-07 11:10:47
PNJ TP.HCM,146200,150200,2026-06-07 11:10:47
PNJ Hà Nội,146200,150200,2026-06-07 11:10:47
SJC,146200,150200,2026-06-07 14:54:27
DOJI HN,146200,150200,2026-06-07 14:54:27
DOJI SG,146200,150200,2026-06-07 14:54:27
BTMH,146200,149600,2026-06-07 14:54:27
BTMC SJC,146200,150200,2026-06-07 14:54:27
Phú Qúy SJC,146200,150200,2026-06-07 14:54:27
PNJ TP.HCM,146200,150200,2026-06-07 14:54:27
PNJ Hà Nội,146200,150200,2026-06-07 14:54:27
SJC,143500,147500,2026-06-08 05:53:45
DOJI HN,143500,147500,2026-06-08 05:53:45
DOJI SG,143500,147500,2026-06-08 05:53:45
BTMH,143500,147300,2026-06-08 05:53:45
BTMC SJC,143500,147500,2026-06-08 05:53:45
Phú Qúy SJC,143000,147500,2026-06-08 05:53:45
PNJ TP.HCM,143500,147500,2026-06-08 05:53:45
PNJ Hà Nội,143500,147500,2026-06-08 05:53:45
SJC,138800,143800,2026-06-08 13:09:40
DOJI HN,138800,143800,2026-06-08 13:09:40
DOJI SG,138800,143800,2026-06-08 13:09:40
BTMH,138800,143800,2026-06-08 13:09:40
BTMC SJC,138800,143800,2026-06-08 13:09:40
Phú Qúy SJC,138800,143800,2026-06-08 13:09:40
PNJ TP.HCM,138800,143800,2026-06-08 13:09:40
PNJ Hà Nội,138800,143800,2026-06-08 13:09:40
SJC,138800,143800,2026-06-09 05:09:40
DOJI HN,138800,143800,2026-06-09 05:09:40
DOJI SG,138800,143800,2026-06-09 05:09:40
BTMH,138800,143800,2026-06-09 05:09:40
BTMC SJC,138800,143800,2026-06-09 05:09:40
Phú Qúy SJC,138800,143800,2026-06-09 05:09:40
PNJ TP.HCM,138800,143800,2026-06-09 05:09:40
PNJ Hà Nội,138800,143800,2026-06-09 05:09:40
SJC,138800,143800,2026-06-09 12:07:28
DOJI HN,138800,143800,2026-06-09 12:07:28
DOJI SG,138800,143800,2026-06-09 12:07:28
BTMH,138800,143800,2026-06-09 12:07:28
BTMC SJC,138800,143800,2026-06-09 12:07:28
Phú Qúy SJC,138800,143800,2026-06-09 12:07:28
PNJ TP.HCM,138800,143800,2026-06-09 12:07:28
PNJ Hà Nội,138800,143800,2026-06-09 12:07:28
SJC,138800,143800,2026-06-09 16:05:22
DOJI HN,138800,143800,2026-06-09 16:05:22
DOJI SG,138800,143800,2026-06-09 16:05:22
BTMH,138800,143800,2026-06-09 16:05:22
BTMC SJC,138800,143800,2026-06-09 16:05:22
Phú Qúy SJC,138800,143800,2026-06-09 16:05:22
PNJ TP.HCM,138800,143800,2026-06-09 16:05:22
PNJ Hà Nội,138800,143800,2026-06-09 16:05:22
SJC,133800,138800,2026-06-10 05:22:27
DOJI HN,134400,139400,2026-06-10 05:22:27
DOJI SG,134400,139400,2026-06-10 05:22:27
BTMH,133800,138800,2026-06-10 05:22:27
BTMC SJC,133800,138800,2026-06-10 05:22:27
Phú Qúy SJC,134400,139400,2026-06-10 05:22:27
PNJ TP.HCM,134400,139400,2026-06-10 05:22:27
PNJ Hà Nội,134400,139400,2026-06-10 05:22:27
SJC,133300,138300,2026-06-10 12:24:02
DOJI HN,133300,138300,2026-06-10 12:24:02
DOJI SG,133300,138300,2026-06-10 12:24:02
BTMH,133000,138300,2026-06-10 12:24:02
BTMC SJC,133800,138800,2026-06-10 12:24:02
Phú Qúy SJC,133300,138300,2026-06-10 12:24:02
PNJ TP.HCM,133800,138800,2026-06-10 12:24:02
PNJ Hà Nội,133800,138800,2026-06-10 12:24:02
SJC,133300,138300,2026-06-10 16:36:57
DOJI HN,133300,138300,2026-06-10 16:36:57
DOJI SG,133300,138300,2026-06-10 16:36:57
BTMH,133000,138300,2026-06-10 16:36:57
BTMC SJC,133800,138800,2026-06-10 16:36:57
Phú Qúy SJC,133300,138300,2026-06-10 16:36:57
PNJ TP.HCM,133800,138800,2026-06-10 16:36:57
PNJ Hà Nội,133800,138800,2026-06-10 16:36:57
SJC,131000,136000,2026-06-11 05:52:35
DOJI HN,131000,136000,2026-06-11 05:52:35
DOJI SG,131000,136000,2026-06-11 05:52:35
BTMH,130500,136000,2026-06-11 05:52:35
BTMC SJC,131000,136000,2026-06-11 05:52:35
Phú Qúy SJC,131000,136000,2026-06-11 05:52:35
PNJ TP.HCM,131000,136000,2026-06-11 05:52:35
PNJ Hà Nội,131000,136000,2026-06-11 05:52:35
SJC,133400,138400,2026-06-11 12:49:31
DOJI HN,133400,138400,2026-06-11 12:49:31
DOJI SG,133400,138400,2026-06-11 12:49:31
BTMH,133500,138500,2026-06-11 12:49:31
BTMC SJC,133400,138400,2026-06-11 12:49:31
Phú Qúy SJC,133400,138400,2026-06-11 12:49:31
PNJ TP.HCM,133400,138400,2026-06-11 12:49:31
PNJ Hà Nội,133400,138400,2026-06-11 12:49:31
SJC,133400,138400,2026-06-11 16:56:22
DOJI HN,133400,138400,2026-06-11 16:56:22
DOJI SG,133400,138400,2026-06-11 16:56:22
BTMH,133500,138500,2026-06-11 16:56:22
BTMC SJC,133400,138400,2026-06-11 16:56:22
Phú Qúy SJC,133400,138400,2026-06-11 16:56:22
PNJ TP.HCM,133400,138400,2026-06-11 16:56:22
PNJ Hà Nội,133400,138400,2026-06-11 16:56:22
SJC,142400,145400,2026-06-12 05:51:17
DOJI HN,142400,145400,2026-06-12 05:51:17
DOJI SG,142400,145400,2026-06-12 05:51:17
BTMH,141400,144900,2026-06-12 05:51:17
BTMC SJC,142400,145400,2026-06-12 05:51:17
Phú Qúy SJC,142400,145400,2026-06-12 05:51:17
PNJ TP.HCM,142400,145400,2026-06-12 05:51:17
PNJ Hà Nội,142400,145400,2026-06-12 05:51:17
SJC,142400,145400,2026-06-12 12:21:40
DOJI HN,142900,145900,2026-06-12 12:21:40
DOJI SG,142900,145900,2026-06-12 12:21:40
BTMH,142400,145400,2026-06-12 12:21:40
BTMC SJC,142400,145400,2026-06-12 12:21:40
Phú Qúy SJC,142400,145400,2026-06-12 12:21:40
PNJ TP.HCM,142400,145400,2026-06-12 12:21:40
PNJ Hà Nội,142400,145400,2026-06-12 12:21:40
SJC,142400,145400,2026-06-12 16:22:11
DOJI HN,142900,145900,2026-06-12 16:22:11
DOJI SG,142900,145900,2026-06-12 16:22:11
BTMH,142400,145400,2026-06-12 16:22:11
BTMC SJC,142400,145400,2026-06-12 16:22:11
Phú Qúy SJC,142400,145400,2026-06-12 16:22:11
PNJ TP.HCM,142400,145400,2026-06-12 16:22:11
PNJ Hà Nội,142400,145400,2026-06-12 16:22:11
SJC,144000,147000,2026-06-13 05:22:54
DOJI HN,144000,147000,2026-06-13 05:22:54
DOJI SG,144000,147000,2026-06-13 05:22:54
BTMH,144000,147000,2026-06-13 05:22:54
BTMC SJC,144000,147000,2026-06-13 05:22:54
Phú Qúy SJC,144000,147000,2026-06-13 05:22:54
PNJ TP.HCM,144000,147000,2026-06-13 05:22:54
PNJ Hà Nội,144000,147000,2026-06-13 05:22:54
SJC,144000,147000,2026-06-13 11:17:58
DOJI HN,144000,147000,2026-06-13 11:17:58
DOJI SG,144000,147000,2026-06-13 11:17:58
BTMH,144000,147000,2026-06-13 11:17:58
BTMC SJC,144000,147000,2026-06-13 11:17:58
Phú Qúy SJC,144000,147000,2026-06-13 11:17:58
PNJ TP.HCM,144000,147000,2026-06-13 11:17:58
PNJ Hà Nội,144000,147000,2026-06-13 11:17:58
SJC,144000,147000,2026-06-13 15:02:49
DOJI HN,144000,147000,2026-06-13 15:02:49
DOJI SG,144000,147000,2026-06-13 15:02:49
BTMH,144000,147000,2026-06-13 15:02:49
BTMC SJC,144000,147000,2026-06-13 15:02:49
Phú Qúy SJC,144000,147000,2026-06-13 15:02:49
PNJ TP.HCM,144000,147000,2026-06-13 15:02:49
PNJ Hà Nội,144000,147000,2026-06-13 15:02:49
SJC,144000,147000,2026-06-14 05:52:40
DOJI HN,144000,147000,2026-06-14 05:52:40
DOJI SG,144000,147000,2026-06-14 05:52:40
BTMH,144000,147000,2026-06-14 05:52:40
BTMC SJC,144000,147000,2026-06-14 05:52:40
Phú Qúy SJC,144000,147000,2026-06-14 05:52:40
PNJ TP.HCM,144000,147000,2026-06-14 05:52:40
PNJ Hà Nội,144000,147000,2026-06-14 05:52:40
SJC,144000,147000,2026-06-14 11:33:01
DOJI HN,144000,147000,2026-06-14 11:33:01
DOJI SG,144000,147000,2026-06-14 11:33:01
BTMH,144000,147000,2026-06-14 11:33:01
BTMC SJC,144000,147000,2026-06-14 11:33:01
Phú Qúy SJC,144000,147000,2026-06-14 11:33:01
PNJ TP.HCM,144000,147000,2026-06-14 11:33:01
PNJ Hà Nội,144000,147000,2026-06-14 11:33:01
SJC,144000,147000,2026-06-14 15:07:55
DOJI HN,144000,147000,2026-06-14 15:07:55
DOJI SG,144000,147000,2026-06-14 15:07:55
BTMH,144000,147000,2026-06-14 15:07:55
BTMC SJC,144000,147000,2026-06-14 15:07:55
Phú Qúy SJC,144000,147000,2026-06-14 15:07:55
PNJ TP.HCM,144000,147000,2026-06-14 15:07:55
PNJ Hà Nội,144000,147000,2026-06-14 15:07:55
SJC,148000,150500,2026-06-15 06:28:54
DOJI HN,148000,150500,2026-06-15 06:28:54
DOJI SG,148000,150500,2026-06-15 06:28:54
BTMH,147500,150500,2026-06-15 06:28:54
BTMC SJC,148000,150500,2026-06-15 06:28:54
Phú Qúy SJC,148000,150500,2026-06-15 06:28:54
PNJ TP.HCM,147500,150500,2026-06-15 06:28:54
PNJ Hà Nội,147500,150500,2026-06-15 06:28:54
SJC,148000,150500,2026-06-15 15:18:29
DOJI HN,148000,150500,2026-06-15 15:18:29
DOJI SG,148000,150500,2026-06-15 15:18:29
BTMH,148500,151500,2026-06-15 15:18:29
BTMC SJC,148000,150500,2026-06-15 15:18:29
Phú Qúy SJC,148000,150500,2026-06-15 15:18:29
PNJ TP.HCM,147500,150500,2026-06-15 15:18:29
PNJ Hà Nội,147500,150500,2026-06-15 15:18:29
SJC,149500,151500,2026-06-16 06:35:11
DOJI HN,149500,151500,2026-06-16 06:35:11
DOJI SG,149500,151500,2026-06-16 06:35:11
BTMH,149000,152000,2026-06-16 06:35:11
BTMC SJC,149000,151500,2026-06-16 06:35:11
Phú Qúy SJC,149500,151500,2026-06-16 06:35:11
PNJ TP.HCM,148500,151500,2026-06-16 06:35:11
PNJ Hà Nội,148500,151500,2026-06-16 06:35:11
SJC,149500,151500,2026-06-16 14:12:18
DOJI HN,149500,151500,2026-06-16 14:12:18
DOJI SG,149500,151500,2026-06-16 14:12:18
BTMH,148700,151700,2026-06-16 14:12:18
BTMC SJC,149000,151500,2026-06-16 14:12:18
Phú Qúy SJC,149500,151500,2026-06-16 14:12:18
PNJ TP.HCM,148500,151500,2026-06-16 14:12:18
PNJ Hà Nội,148500,151500,2026-06-16 14:12:18
SJC,149800,151800,2026-06-17 06:17:27
DOJI HN,149800,151800,2026-06-17 06:17:27
DOJI SG,149800,151800,2026-06-17 06:17:27
BTMH,149000,152000,2026-06-17 06:17:27
BTMC SJC,149800,151800,2026-06-17 06:17:27
Phú Qúy SJC,149800,151800,2026-06-17 06:17:27
PNJ TP.HCM,148800,151800,2026-06-17 06:17:27
PNJ Hà Nội,148800,151800,2026-06-17 06:17:27
SJC,148800,151300,2026-06-17 12:52:57
DOJI HN,148800,151300,2026-06-17 12:52:57
DOJI SG,148800,151300,2026-06-17 12:52:57
BTMH,148300,151300,2026-06-17 12:52:57
BTMC SJC,148800,151300,2026-06-17 12:52:57
Phú Qúy SJC,148800,151300,2026-06-17 12:52:57
PNJ TP.HCM,148300,151300,2026-06-17 12:52:57
PNJ Hà Nội,148300,151300,2026-06-17 12:52:57
SJC,148800,151300,2026-06-17 16:39:39
DOJI HN,148800,151300,2026-06-17 16:39:39
DOJI SG,148800,151300,2026-06-17 16:39:39
BTMH,148300,151300,2026-06-17 16:39:39
BTMC SJC,148800,151300,2026-06-17 16:39:39
Phú Qúy SJC,148800,151300,2026-06-17 16:39:39
PNJ TP.HCM,148300,151300,2026-06-17 16:39:39
PNJ Hà Nội,148300,151300,2026-06-17 16:39:39
SJC,148800,151300,2026-06-18 05:57:46
DOJI HN,148800,151300,2026-06-18 05:57:46
DOJI SG,148800,151300,2026-06-18 05:57:46
BTMH,148300,151300,2026-06-18 05:57:46
BTMC SJC,148800,151300,2026-06-18 05:57:46
Phú Qúy SJC,148800,151300,2026-06-18 05:57:46
PNJ TP.HCM,148300,151300,2026-06-18 05:57:46
PNJ Hà Nội,148300,151300,2026-06-18 05:57:46
SJC,148800,151300,2026-06-18 12:28:32
DOJI HN,147300,150300,2026-06-18 12:28:32
DOJI SG,147300,150300,2026-06-18 12:28:32
BTMH,145800,149800,2026-06-18 12:28:32
BTMC SJC,148800,151300,2026-06-18 12:28:32
Phú Qúy SJC,148800,151300,2026-06-18 12:28:32
PNJ TP.HCM,148300,151300,2026-06-18 12:28:32
PNJ Hà Nội,148300,151300,2026-06-18 12:28:32
SJC,148800,151300,2026-06-18 16:36:21
DOJI HN,147300,150300,2026-06-18 16:36:21
DOJI SG,147300,150300,2026-06-18 16:36:21
BTMH,145800,149800,2026-06-18 16:36:21
BTMC SJC,148800,151300,2026-06-18 16:36:21
Phú Qúy SJC,148800,151300,2026-06-18 16:36:21
PNJ TP.HCM,148300,151300,2026-06-18 16:36:21
PNJ Hà Nội,148300,151300,2026-06-18 16:36:21
SJC,143700,146700,2026-06-19 06:22:51
DOJI HN,143500,146500,2026-06-19 06:22:51
DOJI SG,143500,146500,2026-06-19 06:22:51
BTMH,142000,146500,2026-06-19 06:22:51
BTMC SJC,143700,146700,2026-06-19 06:22:51
Phú Qúy SJC,143700,146700,2026-06-19 06:22:51
PNJ TP.HCM,143600,146600,2026-06-19 06:22:51
PNJ Hà Nội,143600,146600,2026-06-19 06:22:51
SJC,143700,146700,2026-06-19 12:50:09
DOJI HN,142500,146500,2026-06-19 12:50:09
DOJI SG,142500,146500,2026-06-19 12:50:09
BTMH,142500,147000,2026-06-19 12:50:09
BTMC SJC,143700,146700,2026-06-19 12:50:09
Phú Qúy SJC,143700,146700,2026-06-19 12:50:09
PNJ TP.HCM,143600,146600,2026-06-19 12:50:09
PNJ Hà Nội,143600,146600,2026-06-19 12:50:09
SJC,144200,147200,2026-06-20 05:18:20
DOJI HN,144200,147200,2026-06-20 05:18:20
DOJI SG,144200,147200,2026-06-20 05:18:20
BTMH,143500,147000,2026-06-20 05:18:20
BTMC SJC,143700,147200,2026-06-20 05:18:20
Phú Qúy SJC,143700,147200,2026-06-20 05:18:20
PNJ TP.HCM,144200,147200,2026-06-20 05:18:20
PNJ Hà Nội,144200,147200,2026-06-20 05:18:20
SJC,144200,147200,2026-06-20 15:04:10
DOJI HN,144200,147200,2026-06-20 15:04:10
DOJI SG,144200,147200,2026-06-20 15:04:10
BTMH,143500,147000,2026-06-20 15:04:10
BTMC SJC,143700,147200,2026-06-20 15:04:10
Phú Qúy SJC,143700,147200,2026-06-20 15:04:10
PNJ TP.HCM,144200,147200,2026-06-20 15:04:10
PNJ Hà Nội,144200,147200,2026-06-20 15:04:10
SJC,144200,147200,2026-06-21 06:06:19
DOJI HN,144200,147200,2026-06-21 06:06:19
DOJI SG,144200,147200,2026-06-21 06:06:19
BTMH,143500,147000,2026-06-21 06:06:19
BTMC SJC,143700,147200,2026-06-21 06:06:19
Phú Qúy SJC,143700,147200,2026-06-21 06:06:19
PNJ TP.HCM,144200,147200,2026-06-21 06:06:19
PNJ Hà Nội,144200,147200,2026-06-21 06:06:19
SJC,144200,147200,2026-06-21 11:47:30
DOJI HN,144200,147200,2026-06-21 11:47:30
DOJI SG,144200,147200,2026-06-21 11:47:30
BTMH,143500,147000,2026-06-21 11:47:30
BTMC SJC,143700,147200,2026-06-21 11:47:30
Phú Qúy SJC,143700,147200,2026-06-21 11:47:30
PNJ TP.HCM,144200,147200,2026-06-21 11:47:30
PNJ Hà Nội,144200,147200,2026-06-21 11:47:30
SJC,145600,148600,2026-06-22 06:31:19
DOJI HN,145600,148600,2026-06-22 06:31:19
DOJI SG,145600,148600,2026-06-22 06:31:19
BTMH,144300,147800,2026-06-22 06:31:19
BTMC SJC,145000,148000,2026-06-22 06:31:19
Phú Qúy SJC,145500,148500,2026-06-22 06:31:19
PNJ TP.HCM,145500,148500,2026-06-22 06:31:19
PNJ Hà Nội,145500,148500,2026-06-22 06:31:19
SJC,145600,148600,2026-06-22 14:44:28
DOJI HN,145600,148600,2026-06-22 14:44:28
DOJI SG,145600,148600,2026-06-22 14:44:28
BTMH,144800,148300,2026-06-22 14:44:28
BTMC SJC,145600,148600,2026-06-22 14:44:28
Phú Qúy SJC,145500,148500,2026-06-22 14:44:28
PNJ TP.HCM,145500,148500,2026-06-22 14:44:28
PNJ Hà Nội,145500,148500,2026-06-22 14:44:28
SJC,145000,148000,2026-06-23 05:04:56
DOJI HN,144800,147800,2026-06-23 05:04:56
DOJI SG,144800,147800,2026-06-23 05:04:56
BTMH,144000,147500,2026-06-23 05:04:56
BTMC SJC,145000,148000,2026-06-23 05:04:56
Phú Qúy SJC,144700,148000,2026-06-23 05:04:56
PNJ TP.HCM,144900,147900,2026-06-23 05:04:56
PNJ Hà Nội,144900,147900,2026-06-23 05:04:56
SJC,144000,147000,2026-06-23 15:52:16
DOJI HN,144000,147000,2026-06-23 15:52:16
DOJI SG,144000,147000,2026-06-23 15:52:16
BTMH,142500,146500,2026-06-23 15:52:16
BTMC SJC,144000,147000,2026-06-23 15:52:16
Phú Qúy SJC,144000,147000,2026-06-23 15:52:16
PNJ TP.HCM,144000,147000,2026-06-23 15:52:16
PNJ Hà Nội,144000,147000,2026-06-23 15:52:16
SJC,144000,147000,2026-06-24 11:46:53
DOJI HN,144000,147000,2026-06-24 11:46:53
DOJI SG,144000,147000,2026-06-24 11:46:53
BTMH,142500,146500,2026-06-24 11:46:53
BTMC SJC,142500,147000,2026-06-24 11:46:53
Phú Qúy SJC,143700,147000,2026-06-24 11:46:53
PNJ TP.HCM,144000,147000,2026-06-24 11:46:53
PNJ Hà Nội,144000,147000,2026-06-24 11:46:53
SJC,144000,147000,2026-06-24 15:34:26
DOJI HN,144000,147000,2026-06-24 15:34:26
DOJI SG,144000,147000,2026-06-24 15:34:26
BTMH,141500,146000,2026-06-24 15:34:26
BTMC SJC,142500,147000,2026-06-24 15:34:26
Phú Qúy SJC,143700,147000,2026-06-24 15:34:26
PNJ TP.HCM,144000,147000,2026-06-24 15:34:26
PNJ Hà Nội,144000,147000,2026-06-24 15:34:26
SJC,143200,146200,2026-06-25 05:07:49
DOJI HN,143000,146000,2026-06-25 05:07:49
DOJI SG,143000,146000,2026-06-25 05:07:49
BTMH,141500,146000,2026-06-25 05:07:49
BTMC SJC,142000,146200,2026-06-25 05:07:49
Phú Qúy SJC,142500,146000,2026-06-25 05:07:49
PNJ TP.HCM,143000,146000,2026-06-25 05:07:49
PNJ Hà Nội,143000,146000,2026-06-25 05:07:49
SJC,143200,146200,2026-06-25 11:41:36
DOJI HN,143000,146000,2026-06-25 11:41:36
DOJI SG,143000,146000,2026-06-25 11:41:36
BTMH,141500,146000,2026-06-25 11:41:36
BTMC SJC,142000,146200,2026-06-25 11:41:36
Phú Qúy SJC,142500,146000,2026-06-25 11:41:36
PNJ TP.HCM,143000,146000,2026-06-25 11:41:36
PNJ Hà Nội,143000,146000,2026-06-25 11:41:36
SJC,143200,146200,2026-06-25 15:40:57
DOJI HN,143000,146000,2026-06-25 15:40:57
DOJI SG,143000,146000,2026-06-25 15:40:57
BTMH,141500,146000,2026-06-25 15:40:57
BTMC SJC,142000,146200,2026-06-25 15:40:57
Phú Qúy SJC,142500,146000,2026-06-25 15:40:57
PNJ TP.HCM,143000,146000,2026-06-25 15:40:57
PNJ Hà Nội,143000,146000,2026-06-25 15:40:57
SJC,143200,146200,2026-06-26 05:11:08
DOJI HN,143000,146000,2026-06-26 05:11:08
DOJI SG,143000,146000,2026-06-26 05:11:08
BTMH,142600,146600,2026-06-26 05:11:08
BTMC SJC,142700,146200,2026-06-26 05:11:08
Phú Qúy SJC,142800,146000,2026-06-26 05:11:08
PNJ TP.HCM,143000,146000,2026-06-26 05:11:08
PNJ Hà Nội,143000,146000,2026-06-26 05:11:08
SJC,145500,148500,2026-06-27 04:55:39
DOJI HN,144000,147000,2026-06-27 04:55:39
DOJI SG,144000,147000,2026-06-27 04:55:39
BTMH,144300,148300,2026-06-27 04:55:39
BTMC SJC,144300,148500,2026-06-27 04:55:39
Phú Qúy SJC,145300,148500,2026-06-27 04:55:39
PNJ TP.HCM,145500,148500,2026-06-27 04:55:39
PNJ Hà Nội,145500,148500,2026-06-27 04:55:39
SJC,145500,148500,2026-06-27 07:51:37
DOJI HN,144000,147000,2026-06-27 07:51:37
DOJI SG,144000,147000,2026-06-27 07:51:37
BTMH,144300,148300,2026-06-27 07:51:37
BTMC SJC,144300,148500,2026-06-27 07:51:37
Phú Qúy SJC,145300,148500,2026-06-27 07:51:37
PNJ TP.HCM,145500,148500,2026-06-27 07:51:37
PNJ Hà Nội,145500,148500,2026-06-27 07:51:37
SJC,145500,148500,2026-06-27 10:58:53
DOJI HN,144000,147000,2026-06-27 10:58:53
DOJI SG,144000,147000,2026-06-27 10:58:53
BTMH,144300,148300,2026-06-27 10:58:53
BTMC SJC,144300,148500,2026-06-27 10:58:53
Phú Qúy SJC,145300,148500,2026-06-27 10:58:53
PNJ TP.HCM,145500,148500,2026-06-27 10:58:53
PNJ Hà Nội,145500,148500,2026-06-27 10:58:53
SJC,145500,148500,2026-06-27 14:44:26
DOJI HN,144000,147000,2026-06-27 14:44:26
DOJI SG,144000,147000,2026-06-27 14:44:26
BTMH,144300,148300,2026-06-27 14:44:26
BTMC SJC,144300,148500,2026-06-27 14:44:26
Phú Qúy SJC,145300,148500,2026-06-27 14:44:26
PNJ TP.HCM,145500,148500,2026-06-27 14:44:26
PNJ Hà Nội,145500,148500,2026-06-27 14:44:26
SJC,145500,148500,2026-06-28 05:19:26
DOJI HN,145500,148500,2026-06-28 05:19:26
DOJI SG,145500,148500,2026-06-28 05:19:26
BTMH,144300,148300,2026-06-28 05:19:26
BTMC SJC,144300,148500,2026-06-28 05:19:26
Phú Qúy SJC,145300,148500,2026-06-28 05:19:26
PNJ TP.HCM,145500,148500,2026-06-28 05:19:26
PNJ Hà Nội,145500,148500,2026-06-28 05:19:26
SJC,145500,148500,2026-06-28 11:10:40
DOJI HN,145500,148500,2026-06-28 11:10:40
DOJI SG,145500,148500,2026-06-28 11:10:40
BTMH,144300,148300,2026-06-28 11:10:40
BTMC SJC,144300,148500,2026-06-28 11:10:40
Phú Qúy SJC,145300,148500,2026-06-28 11:10:40
PNJ TP.HCM,145500,148500,2026-06-28 11:10:40
PNJ Hà Nội,145500,148500,2026-06-28 11:10:40
SJC,145500,148500,2026-06-28 14:49:53
DOJI HN,145500,148500,2026-06-28 14:49:53
DOJI SG,145500,148500,2026-06-28 14:49:53
BTMH,144300,148300,2026-06-28 14:49:53
BTMC SJC,144300,148500,2026-06-28 14:49:53
Phú Qúy SJC,145300,148500,2026-06-28 14:49:53
PNJ TP.HCM,145500,148500,2026-06-28 14:49:53
PNJ Hà Nội,145500,148500,2026-06-28 14:49:53
SJC,145000,148000,2026-06-29 05:53:00
DOJI HN,145000,148000,2026-06-29 05:53:00
DOJI SG,145000,148000,2026-06-29 05:53:00
BTMH,143800,147800,2026-06-29 05:53:00
BTMC SJC,144000,148000,2026-06-29 05:53:00
Phú Qúy SJC,144800,148000,2026-06-29 05:53:00
PNJ TP.HCM,145000,148000,2026-06-29 05:53:00
PNJ Hà Nội,145000,148000,2026-06-29 05:53:00
SJC,145000,148000,2026-06-29 13:09:47
DOJI HN,145000,148000,2026-06-29 13:09:47
DOJI SG,145000,148000,2026-06-29 13:09:47
BTMH,143800,147800,2026-06-29 13:09:47
BTMC SJC,143500,148000,2026-06-29 13:09:47
Phú Qúy SJC,144800,148000,2026-06-29 13:09:47
PNJ TP.HCM,145000,148000,2026-06-29 13:09:47
PNJ Hà Nội,145000,148000,2026-06-29 13:09:47
SJC,143000,146000,2026-06-30 05:07:31
DOJI HN,143000,146000,2026-06-30 05:07:31
DOJI SG,143000,146000,2026-06-30 05:07:31
BTMH,141800,145800,2026-06-30 05:07:31
BTMC SJC,142500,146000,2026-06-30 05:07:31
Phú Qúy SJC,143000,146000,2026-06-30 05:07:31
PNJ TP.HCM,143000,146000,2026-06-30 05:07:31
PNJ Hà Nội,143000,146000,2026-06-30 05:07:31
SJC,144000,147000,2026-06-30 11:46:30
DOJI HN,144000,147000,2026-06-30 11:46:30
DOJI SG,144000,147000,2026-06-30 11:46:30
BTMH,142800,146800,2026-06-30 11:46:30
BTMC SJC,143000,147000,2026-06-30 11:46:30
Phú Qúy SJC,143500,147000,2026-06-30 11:46:30
PNJ TP.HCM,144000,147000,2026-06-30 11:46:30
PNJ Hà Nội,144000,147000,2026-06-30 11:46:30
SJC,144000,147000,2026-06-30 15:31:11
DOJI HN,144000,147000,2026-06-30 15:31:11
DOJI SG,144000,147000,2026-06-30 15:31:11
BTMH,142800,146800,2026-06-30 15:31:11
BTMC SJC,143000,147000,2026-06-30 15:31:11
Phú Qúy SJC,143500,147000,2026-06-30 15:31:11
PNJ TP.HCM,144000,147000,2026-06-30 15:31:11
PNJ Hà Nội,144000,147000,2026-06-30 15:31:11
SJC,143400,146400,2026-07-01 05:24:18
DOJI HN,143400,146400,2026-07-01 05:24:18
DOJI SG,143400,146400,2026-07-01 05:24:18
BTMH,142200,146200,2026-07-01 05:24:18
BTMC SJC,142500,146400,2026-07-01 05:24:18
Phú Qúy SJC,143000,146400,2026-07-01 05:24:18
PNJ TP.HCM,143000,146000,2026-07-01 05:24:18
PNJ Hà Nội,143000,146000,2026-07-01 05:24:18
SJC,143400,146400,2026-07-01 12:10:36
DOJI HN,143400,146400,2026-07-01 12:10:36
DOJI SG,143400,146400,2026-07-01 12:10:36
BTMH,142200,146200,2026-07-01 12:10:36
BTMC SJC,142500,146400,2026-07-01 12:10:36
Phú Qúy SJC,143000,146400,2026-07-01 12:10:36
PNJ TP.HCM,143000,146000,2026-07-01 12:10:36
PNJ Hà Nội,143000,146000,2026-07-01 12:10:36
SJC,143400,146400,2026-07-01 15:45:39
DOJI HN,143400,146400,2026-07-01 15:45:39
DOJI SG,143400,146400,2026-07-01 15:45:39
BTMH,142200,146200,2026-07-01 15:45:39
BTMC SJC,142500,146400,2026-07-01 15:45:39
Phú Qúy SJC,143000,146400,2026-07-01 15:45:39
PNJ TP.HCM,143000,146000,2026-07-01 15:45:39
PNJ Hà Nội,143000,146000,2026-07-01 15:45:39
SJC,145400,148400,2026-07-02 15:18:49
DOJI HN,145400,148400,2026-07-02 15:18:49
DOJI SG,145400,148400,2026-07-02 15:18:49
BTMH,145200,149200,2026-07-02 15:18:49
BTMC SJC,145000,148400,2026-07-02 15:18:49
Phú Qúy SJC,145000,148400,2026-07-02 15:18:49
PNJ TP.HCM,145400,148400,2026-07-02 15:18:49
PNJ Hà Nội,145400,148400,2026-07-02 15:18:49
SJC,148400,151400,2026-07-03 04:44:36
DOJI HN,148400,151400,2026-07-03 04:44:36
DOJI SG,148400,151400,2026-07-03 04:44:36
BTMH,147400,151400,2026-07-03 04:44:36
BTMC SJC,147500,151400,2026-07-03 04:44:36
Phú Qúy SJC,148000,151400,2026-07-03 04:44:36
PNJ TP.HCM,148400,151400,2026-07-03 04:44:36
PNJ Hà Nội,148400,151400,2026-07-03 04:44:36
SJC,148400,151400,2026-07-03 08:12:15
DOJI HN,148400,151400,2026-07-03 08:12:15
DOJI SG,148400,151400,2026-07-03 08:12:15
BTMH,147400,151400,2026-07-03 08:12:15
BTMC SJC,147500,151400,2026-07-03 08:12:15
Phú Qúy SJC,148000,151400,2026-07-03 08:12:15
PNJ TP.HCM,148400,151400,2026-07-03 08:12:15
PNJ Hà Nội,148400,151400,2026-07-03 08:12:15
SJC,148400,151400,2026-07-03 11:35:22
DOJI HN,148400,151400,2026-07-03 11:35:22
DOJI SG,148400,151400,2026-07-03 11:35:22
BTMH,147500,151000,2026-07-03 11:35:22
BTMC SJC,147500,151400,2026-07-03 11:35:22
Phú Qúy SJC,148000,151400,2026-07-03 11:35:22
PNJ TP.HCM,148400,151400,2026-07-03 11:35:22
PNJ Hà Nội,148400,151400,2026-07-03 11:35:22
SJC,148400,151400,2026-07-03 15:13:11
DOJI HN,148400,151400,2026-07-03 15:13:11
DOJI SG,148400,151400,2026-07-03 15:13:11
BTMH,147500,151000,2026-07-03 15:13:11
BTMC SJC,147500,151400,2026-07-03 15:13:11
Phú Qúy SJC,148000,151400,2026-07-03 15:13:11
PNJ TP.HCM,148400,151400,2026-07-03 15:13:11
PNJ Hà Nội,148400,151400,2026-07-03 15:13:11
SJC,148400,151400,2026-07-04 07:49:45
DOJI HN,148400,151400,2026-07-04 07:49:45
DOJI SG,148400,151400,2026-07-04 07:49:45
BTMH,147500,151000,2026-07-04 07:49:45
BTMC SJC,147500,151400,2026-07-04 07:49:45
Phú Qúy SJC,148000,151400,2026-07-04 07:49:45
PNJ TP.HCM,148400,151400,2026-07-04 07:49:45
PNJ Hà Nội,148400,151400,2026-07-04 07:49:45
SJC,148400,151400,2026-07-04 10:55:34
DOJI HN,148400,151400,2026-07-04 10:55:34
DOJI SG,148400,151400,2026-07-04 10:55:34
BTMH,147500,151000,2026-07-04 10:55:34
BTMC SJC,147500,151400,2026-07-04 10:55:34
Phú Qúy SJC,148000,151400,2026-07-04 10:55:34
PNJ TP.HCM,148400,151400,2026-07-04 10:55:34
PNJ Hà Nội,148400,151400,2026-07-04 10:55:34
SJC,148400,151400,2026-07-04 14:40:16
DOJI HN,148400,151400,2026-07-04 14:40:16
DOJI SG,148400,151400,2026-07-04 14:40:16
BTMH,147500,151000,2026-07-04 14:40:16
BTMC SJC,147500,151400,2026-07-04 14:40:16
Phú Qúy SJC,148000,151400,2026-07-04 14:40:16
PNJ TP.HCM,148400,151400,2026-07-04 14:40:16
PNJ Hà Nội,148400,151400,2026-07-04 14:40:16
SJC,148400,151400,2026-07-05 04:59:32
DOJI HN,148400,151400,2026-07-05 04:59:32
DOJI SG,148400,151400,2026-07-05 04:59:32
BTMH,147500,151000,2026-07-05 04:59:32
BTMC SJC,147500,151400,2026-07-05 04:59:32
Phú Qúy SJC,148000,151400,2026-07-05 04:59:32
PNJ TP.HCM,148400,151400,2026-07-05 04:59:32
PNJ Hà Nội,148400,151400,2026-07-05 04:59:32
SJC,148400,151400,2026-07-05 08:09:24
DOJI HN,148400,151400,2026-07-05 08:09:24
DOJI SG,148400,151400,2026-07-05 08:09:24
BTMH,147500,151000,2026-07-05 08:09:24
BTMC SJC,147500,151400,2026-07-05 08:09:24
Phú Qúy SJC,148000,151400,2026-07-05 08:09:24
PNJ TP.HCM,148400,151400,2026-07-05 08:09:24
PNJ Hà Nội,148400,151400,2026-07-05 08:09:24
SJC,148400,151400,2026-07-05 11:06:28
DOJI HN,148400,151400,2026-07-05 11:06:28
DOJI SG,148400,151400,2026-07-05 11:06:28
BTMH,147500,151000,2026-07-05 11:06:28
BTMC SJC,147500,151400,2026-07-05 11:06:28
Phú Qúy SJC,148000,151400,2026-07-05 11:06:28
PNJ TP.HCM,148400,151400,2026-07-05 11:06:28
PNJ Hà Nội,148400,151400,2026-07-05 11:06:28
SJC,148400,151400,2026-07-05 14:45:51
DOJI HN,148400,151400,2026-07-05 14:45:51
DOJI SG,148400,151400,2026-07-05 14:45:51
BTMH,147500,151000,2026-07-05 14:45:51
BTMC SJC,147500,151400,2026-07-05 14:45:51
Phú Qúy SJC,148000,151400,2026-07-05 14:45:51
PNJ TP.HCM,148400,151400,2026-07-05 14:45:51
PNJ Hà Nội,148400,151400,2026-07-05 14:45:51
SJC,148400,151400,2026-07-06 05:14:25
DOJI HN,148400,151400,2026-07-06 05:14:25
DOJI SG,148400,151400,2026-07-06 05:14:25
BTMH,147000,150500,2026-07-06 05:14:25
BTMC SJC,147000,151400,2026-07-06 05:14:25
Phú Qúy SJC,148000,151400,2026-07-06 05:14:25
PNJ TP.HCM,148000,151000,2026-07-06 05:14:25
PNJ Hà Nội,148000,151000,2026-07-06 05:14:25
SJC,148000,151000,2026-07-06 12:52:02
DOJI HN,148000,151000,2026-07-06 12:52:02
DOJI SG,148000,151000,2026-07-06 12:52:02
BTMH,146500,150000,2026-07-06 12:52:02
BTMC SJC,146500,151000,2026-07-06 12:52:02
Phú Qúy SJC,147400,151000,2026-07-06 12:52:02
PNJ TP.HCM,148000,151000,2026-07-06 12:52:02
PNJ Hà Nội,148000,151000,2026-07-06 12:52:02
SJC,148000,151000,2026-07-06 16:23:51
DOJI HN,148000,151000,2026-07-06 16:23:51
DOJI SG,148000,151000,2026-07-06 16:23:51
BTMH,146500,150000,2026-07-06 16:23:51
BTMC SJC,146500,151000,2026-07-06 16:23:51
Phú Qúy SJC,147400,151000,2026-07-06 16:23:51
PNJ TP.HCM,148000,151000,2026-07-06 16:23:51
PNJ Hà Nội,148000,151000,2026-07-06 16:23:51
SJC,147500,150500,2026-07-07 04:55:12
DOJI HN,147500,150500,2026-07-07 04:55:12
DOJI SG,147500,150500,2026-07-07 04:55:12
BTMH,146500,150000,2026-07-07 04:55:12
BTMC SJC,146500,150500,2026-07-07 04:55:12
Phú Qúy SJC,147000,150500,2026-07-07 04:55:12
PNJ TP.HCM,147000,150000,2026-07-07 04:55:12
PNJ Hà Nội,147000,150000,2026-07-07 04:55:12
SJC,147000,150000,2026-07-07 08:26:03
DOJI HN,147000,150000,2026-07-07 08:26:03
DOJI SG,147000,150000,2026-07-07 08:26:03
BTMH,145500,149500,2026-07-07 08:26:03
BTMC SJC,145500,150000,2026-07-07 08:26:03
Phú Qúy SJC,146500,150000,2026-07-07 08:26:03
PNJ TP.HCM,146500,149500,2026-07-07 08:26:03
PNJ Hà Nội,146500,149500,2026-07-07 08:26:03
SJC,147000,150000,2026-07-07 11:54:06
DOJI HN,147000,150000,2026-07-07 11:54:06
DOJI SG,147000,150000,2026-07-07 11:54:06
BTMH,145500,149500,2026-07-07 11:54:06
BTMC SJC,145500,150000,2026-07-07 11:54:06
Phú Qúy SJC,146500,150000,2026-07-07 11:54:06
PNJ TP.HCM,146500,149500,2026-07-07 11:54:06
PNJ Hà Nội,146500,149500,2026-07-07 11:54:06
SJC,147000,150000,2026-07-07 15:44:10
DOJI HN,147000,150000,2026-07-07 15:44:10
DOJI SG,147000,150000,2026-07-07 15:44:10
BTMH,146000,150000,2026-07-07 15:44:10
BTMC SJC,145500,150000,2026-07-07 15:44:10
Phú Qúy SJC,146500,150000,2026-07-07 15:44:10
PNJ TP.HCM,146500,149500,2026-07-07 15:44:10
PNJ Hà Nội,146500,149500,2026-07-07 15:44:10
SJC,146500,149500,2026-07-08 04:16:16
DOJI HN,146500,149500,2026-07-08 04:16:16
DOJI SG,146500,149500,2026-07-08 04:16:16
BTMH,144800,148800,2026-07-08 04:16:16
BTMC SJC,144800,149500,2026-07-08 04:16:16
Phú Qúy SJC,146000,149500,2026-07-08 04:16:16
PNJ TP.HCM,145800,148800,2026-07-08 04:16:16
PNJ Hà Nội,145800,148800,2026-07-08 04:16:16
SJC,146500,149500,2026-07-08 07:30:31
DOJI HN,146500,149500,2026-07-08 07:30:31
DOJI SG,146500,149500,2026-07-08 07:30:31
BTMH,144800,148800,2026-07-08 07:30:31
BTMC SJC,144800,149500,2026-07-08 07:30:31
Phú Qúy SJC,146000,149500,2026-07-08 07:30:31
PNJ TP.HCM,145800,148800,2026-07-08 07:30:31
PNJ Hà Nội,145800,148800,2026-07-08 07:30:31
SJC,145500,148500,2026-07-08 11:07:56
DOJI HN,145500,148500,2026-07-08 11:07:56
DOJI SG,145500,148500,2026-07-08 11:07:56
BTMH,144300,148300,2026-07-08 11:07:56
BTMC SJC,144300,148500,2026-07-08 11:07:56
Phú Qúy SJC,145000,148500,2026-07-08 11:07:56
PNJ TP.HCM,145200,148200,2026-07-08 11:07:56
PNJ Hà Nội,145200,148200,2026-07-08 11:07:56
SJC,145500,148500,2026-07-08 15:23:43
DOJI HN,145500,148500,2026-07-08 15:23:43
DOJI SG,145500,148500,2026-07-08 15:23:43
BTMH,144300,148300,2026-07-08 15:23:43
BTMC SJC,144300,148500,2026-07-08 15:23:43
Phú Qúy SJC,145000,148500,2026-07-08 15:23:43
PNJ TP.HCM,145200,148200,2026-07-08 15:23:43
PNJ Hà Nội,145200,148200,2026-07-08 15:23:43
SJC,146000,149000,2026-07-09 08:33:50
DOJI HN,146000,149000,2026-07-09 08:33:50
DOJI SG,146000,149000,2026-07-09 08:33:50
BTMH,144600,148600,2026-07-09 08:33:50
BTMC SJC,144600,149000,2026-07-09 08:33:50
Phú Qúy SJC,145300,149000,2026-07-09 08:33:50
PNJ TP.HCM,145000,148500,2026-07-09 08:33:50
PNJ Hà Nội,145000,148500,2026-07-09 08:33:50
SJC,146000,149000,2026-07-09 12:08:23
DOJI HN,146000,149000,2026-07-09 12:08:23
DOJI SG,146000,149000,2026-07-09 12:08:23
BTMH,144600,148600,2026-07-09 12:08:23
BTMC SJC,144600,149000,2026-07-09 12:08:23
Phú Qúy SJC,145300,149000,2026-07-09 12:08:23
PNJ TP.HCM,145000,148500,2026-07-09 12:08:23
PNJ Hà Nội,145000,148500,2026-07-09 12:08:23
SJC,146900,149900,2026-07-10 04:54:54
DOJI HN,146900,149900,2026-07-10 04:54:54
DOJI SG,146900,149900,2026-07-10 04:54:54
BTMH,145000,149000,2026-07-10 04:54:54
BTMC SJC,145000,149900,2026-07-10 04:54:54
Phú Qúy SJC,146300,149900,2026-07-10 04:54:54
PNJ TP.HCM,145700,149200,2026-07-10 04:54:54
PNJ Hà Nội,145700,149200,2026-07-10 04:54:54
SJC,146900,149900,2026-07-10 11:55:22
DOJI HN,146900,149900,2026-07-10 11:55:22
DOJI SG,146900,149900,2026-07-10 11:55:22
BTMH,145000,149000,2026-07-10 11:55:22
BTMC SJC,145000,149900,2026-07-10 11:55:22
Phú Qúy SJC,146300,149900,2026-07-10 11:55:22
PNJ TP.HCM,145700,149200,2026-07-10 11:55:22
PNJ Hà Nội,145700,149200,2026-07-10 11:55:22
SJC,146900,149900,2026-07-10 15:32:43
DOJI HN,146900,149900,2026-07-10 15:32:43
DOJI SG,146900,149900,2026-07-10 15:32:43
BTMH,145000,149000,2026-07-10 15:32:43
BTMC SJC,145000,149900,2026-07-10 15:32:43
Phú Qúy SJC,146300,149900,2026-07-10 15:32:43
PNJ TP.HCM,145700,149200,2026-07-10 15:32:43
PNJ Hà Nội,145700,149200,2026-07-10 15:32:43
SJC,146900,149900,2026-07-11 04:14:41
DOJI HN,146900,149900,2026-07-11 04:14:41
DOJI SG,146900,149900,2026-07-11 04:14:41
BTMH,145000,149000,2026-07-11 04:14:41
BTMC SJC,145000,149900,2026-07-11 04:14:41
Phú Qúy SJC,146300,149900,2026-07-11 04:14:41
PNJ TP.HCM,145000,149000,2026-07-11 04:14:41
PNJ Hà Nội,145000,149000,2026-07-11 04:14:41
SJC,146900,149900,2026-07-11 07:12:49
DOJI HN,146900,149900,2026-07-11 07:12:49
DOJI SG,146900,149900,2026-07-11 07:12:49
BTMH,145000,149000,2026-07-11 07:12:49
BTMC SJC,145000,149900,2026-07-11 07:12:49
Phú Qúy SJC,146300,149900,2026-07-11 07:12:49
PNJ TP.HCM,145000,149000,2026-07-11 07:12:49
PNJ Hà Nội,145000,149000,2026-07-11 07:12:49
SJC,146900,149900,2026-07-11 10:17:43
DOJI HN,146900,149900,2026-07-11 10:17:43
DOJI SG,146900,149900,2026-07-11 10:17:43
BTMH,145000,149000,2026-07-11 10:17:43
BTMC SJC,145000,149900,2026-07-11 10:17:43
Phú Qúy SJC,146300,149900,2026-07-11 10:17:43
PNJ TP.HCM,145000,149000,2026-07-11 10:17:43
PNJ Hà Nội,145000,149000,2026-07-11 10:17:43
SJC,146900,149900,2026-07-11 14:23:01
DOJI HN,146900,149900,2026-07-11 14:23:01
DOJI SG,146900,149900,2026-07-11 14:23:01
BTMH,145000,149000,2026-07-11 14:23:01
BTMC SJC,145000,149900,2026-07-11 14:23:01
Phú Qúy SJC,146300,149900,2026-07-11 14:23:01
PNJ TP.HCM,145000,149000,2026-07-11 14:23:01
PNJ Hà Nội,145000,149000,2026-07-11 14:23:01
SJC,146900,149900,2026-07-12 04:26:38
DOJI HN,146900,149900,2026-07-12 04:26:38
DOJI SG,146900,149900,2026-07-12 04:26:38
BTMH,145000,149000,2026-07-12 04:26:38
BTMC SJC,145000,149900,2026-07-12 04:26:38
Phú Qúy SJC,146300,149900,2026-07-12 04:26:38
PNJ TP.HCM,145000,149000,2026-07-12 04:26:38
PNJ Hà Nội,145000,149000,2026-07-12 04:26:38
SJC,146900,149900,2026-07-12 07:29:25
DOJI HN,146900,149900,2026-07-12 07:29:25
DOJI SG,146900,149900,2026-07-12 07:29:25
BTMH,145000,149000,2026-07-12 07:29:25
BTMC SJC,145000,149900,2026-07-12 07:29:25
Phú Qúy SJC,146300,149900,2026-07-12 07:29:25
PNJ TP.HCM,145000,149000,2026-07-12 07:29:25
PNJ Hà Nội,145000,149000,2026-07-12 07:29:25
SJC,146900,149900,2026-07-12 10:36:41
DOJI HN,146900,149900,2026-07-12 10:36:41
DOJI SG,146900,149900,2026-07-12 10:36:41
BTMH,145000,149000,2026-07-12 10:36:41
BTMC SJC,145000,149900,2026-07-12 10:36:41
Phú Qúy SJC,146300,149900,2026-07-12 10:36:41
PNJ TP.HCM,145000,149000,2026-07-12 10:36:41
PNJ Hà Nội,145000,149000,2026-07-12 10:36:41
SJC,146900,149900,2026-07-12 14:26:42
DOJI HN,146900,149900,2026-07-12 14:26:42
DOJI SG,146900,149900,2026-07-12 14:26:42
BTMH,145000,149000,2026-07-12 14:26:42
BTMC SJC,145000,149900,2026-07-12 14:26:42
Phú Qúy SJC,146300,149900,2026-07-12 14:26:42
PNJ TP.HCM,145000,149000,2026-07-12 14:26:42
PNJ Hà Nội,145000,149000,2026-07-12 14:26:42
SJC,145400,148400,2026-07-13 08:18:25
DOJI HN,145400,148400,2026-07-13 08:18:25
DOJI SG,145400,148400,2026-07-13 08:18:25
BTMH,143000,146800,2026-07-13 08:18:25
BTMC SJC,143000,148400,2026-07-13 08:18:25
Phú Qúy SJC,145000,148400,2026-07-13 08:18:25
PNJ TP.HCM,143200,146900,2026-07-13 08:18:25
PNJ Hà Nội,143200,146900,2026-07-13 08:18:25
SJC,145400,148400,2026-07-13 12:08:47
DOJI HN,145400,148400,2026-07-13 12:08:47
DOJI SG,145400,148400,2026-07-13 12:08:47
BTMH,143000,146800,2026-07-13 12:08:47
BTMC SJC,143000,148400,2026-07-13 12:08:47
Phú Qúy SJC,145000,148400,2026-07-13 12:08:47
PNJ TP.HCM,143200,146900,2026-07-13 12:08:47
PNJ Hà Nội,143200,146900,2026-07-13 12:08:47
SJC,145400,148400,2026-07-13 15:43:03
DOJI HN,145400,148400,2026-07-13 15:43:03
DOJI SG,145400,148400,2026-07-13 15:43:03
BTMH,143000,146800,2026-07-13 15:43:03
BTMC SJC,143000,148400,2026-07-13 15:43:03
Phú Qúy SJC,145000,148400,2026-07-13 15:43:03
PNJ TP.HCM,143200,146900,2026-07-13 15:43:03
PNJ Hà Nội,143200,146900,2026-07-13 15:43:03
SJC,144100,147100,2026-07-14 04:05:02
DOJI HN,144100,147100,2026-07-14 04:05:02
DOJI SG,144100,147100,2026-07-14 04:05:02
BTMH,142200,146200,2026-07-14 04:05:02
BTMC SJC,142200,147100,2026-07-14 04:05:02
Phú Qúy SJC,143600,147100,2026-07-14 04:05:02
PNJ TP.HCM,143000,146500,2026-07-14 04:05:02
PNJ Hà Nội,143000,146500,2026-07-14 04:05:02
SJC,144500,147500,2026-07-14 07:11:21
DOJI HN,144500,147500,2026-07-14 07:11:21
DOJI SG,144500,147500,2026-07-14 07:11:21
BTMH,142500,146500,2026-07-14 07:11:21
BTMC SJC,142500,147500,2026-07-14 07:11:21
Phú Qúy SJC,144000,147500,2026-07-14 07:11:21
PNJ TP.HCM,143500,147000,2026-07-14 07:11:21
PNJ Hà Nội,143500,147000,2026-07-14 07:11:21
SJC,144500,147500,2026-07-14 10:50:18
DOJI HN,144500,147500,2026-07-14 10:50:18
DOJI SG,144500,147500,2026-07-14 10:50:18
BTMH,142500,146500,2026-07-14 10:50:18
BTMC SJC,142500,147500,2026-07-14 10:50:18
Phú Qúy SJC,144000,147500,2026-07-14 10:50:18
PNJ TP.HCM,143500,147000,2026-07-14 10:50:18
PNJ Hà Nội,143500,147000,2026-07-14 10:50:18
SJC,144500,147500,2026-07-14 14:55:36
DOJI HN,144500,147500,2026-07-14 14:55:36
DOJI SG,144500,147500,2026-07-14 14:55:36
BTMH,144500,148500,2026-07-14 14:55:36
BTMC SJC,142500,147500,2026-07-14 14:55:36
Phú Qúy SJC,144000,147500,2026-07-14 14:55:36
PNJ TP.HCM,143500,147000,2026-07-14 14:55:36
PNJ Hà Nội,143500,147000,2026-07-14 14:55:36
SJC,145500,148500,2026-07-15 04:07:06
DOJI HN,145500,148500,2026-07-15 04:07:06
DOJI SG,145500,148500,2026-07-15 04:07:06
BTMH,143500,147500,2026-07-15 04:07:06
BTMC SJC,143500,148500,2026-07-15 04:07:06
Phú Qúy SJC,145000,148500,2026-07-15 04:07:06
PNJ TP.HCM,143500,147500,2026-07-15 04:07:06
PNJ Hà Nội,143500,147500,2026-07-15 04:07:06
SJC,145500,148500,2026-07-15 07:16:45
DOJI HN,145500,148500,2026-07-15 07:16:45
DOJI SG,145500,148500,2026-07-15 07:16:45
BTMH,143500,147500,2026-07-15 07:16:45
BTMC SJC,143500,148500,2026-07-15 07:16:45
Phú Qúy SJC,145000,148500,2026-07-15 07:16:45
PNJ TP.HCM,143500,147500,2026-07-15 07:16:45
PNJ Hà Nội,143500,147500,2026-07-15 07:16:45
SJC,145500,148500,2026-07-15 10:53:39
DOJI HN,145500,148500,2026-07-15 10:53:39
DOJI SG,145500,148500,2026-07-15 10:53:39
BTMH,143500,147500,2026-07-15 10:53:39
BTMC SJC,143500,148500,2026-07-15 10:53:39
Phú Qúy SJC,145000,148500,2026-07-15 10:53:39
PNJ TP.HCM,143500,147500,2026-07-15 10:53:39
PNJ Hà Nội,143500,147500,2026-07-15 10:53:39
SJC,145500,148500,2026-07-15 14:54:48
DOJI HN,145500,148500,2026-07-15 14:54:48
DOJI SG,145500,148500,2026-07-15 14:54:48
BTMH,143500,147500,2026-07-15 14:54:48
BTMC SJC,143500,148500,2026-07-15 14:54:48
Phú Qúy SJC,145000,148500,2026-07-15 14:54:48
PNJ TP.HCM,143500,147500,2026-07-15 14:54:48
PNJ Hà Nội,143500,147500,2026-07-15 14:54:48
SJC,145200,148200,2026-07-16 04:10:50
DOJI HN,145500,148500,2026-07-16 04:10:50
DOJI SG,145500,148500,2026-07-16 04:10:50
BTMH,143500,147500,2026-07-16 04:10:50
BTMC SJC,144000,148200,2026-07-16 04:10:50
Phú Qúy SJC,144700,148200,2026-07-16 04:10:50
PNJ TP.HCM,143500,147000,2026-07-16 04:10:50
PNJ Hà Nội,143500,147000,2026-07-16 04:10:50
SJC,145200,148200,2026-07-16 07:24:04
DOJI HN,145500,148500,2026-07-16 07:24:04
DOJI SG,145500,148500,2026-07-16 07:24:04
BTMH,143500,147500,2026-07-16 07:24:04
BTMC SJC,144000,148200,2026-07-16 07:24:04
Phú Qúy SJC,144700,148200,2026-07-16 07:24:04
PNJ TP.HCM,143500,147000,2026-07-16 07:24:04
PNJ Hà Nội,143500,147000,2026-07-16 07:24:04
SJC,145200,148200,2026-07-16 11:02:55
DOJI HN,145500,148500,2026-07-16 11:02:55
DOJI SG,145500,148500,2026-07-16 11:02:55
BTMH,143500,147500,2026-07-16 11:02:55
BTMC SJC,144000,148200,2026-07-16 11:02:55
Phú Qúy SJC,144700,148200,2026-07-16 11:02:55
PNJ TP.HCM,143500,147000,2026-07-16 11:02:55
PNJ Hà Nội,143500,147000,2026-07-16 11:02:55
SJC,145200,148200,2026-07-16 15:04:55
DOJI HN,145500,148500,2026-07-16 15:04:55
DOJI SG,145500,148500,2026-07-16 15:04:55
BTMH,143500,147500,2026-07-16 15:04:55
BTMC SJC,144000,148200,2026-07-16 15:04:55
Phú Qúy SJC,144700,148200,2026-07-16 15:04:55
PNJ TP.HCM,143500,147000,2026-07-16 15:04:55
PNJ Hà Nội,143500,147000,2026-07-16 15:04:55
SJC,143600,146600,2026-07-17 04:09:42
DOJI HN,145500,148500,2026-07-17 04:09:42
DOJI SG,145500,148500,2026-07-17 04:09:42
BTMH,142300,146300,2026-07-17 04:09:42
BTMC SJC,142300,146600,2026-07-17 04:09:42
Phú Qúy SJC,143000,146600,2026-07-17 04:09:42
PNJ TP.HCM,141500,145500,2026-07-17 04:09:42
PNJ Hà Nội,141500,145500,2026-07-17 04:09:42
SJC,143600,146600,2026-07-17 07:19:42
DOJI HN,145500,148500,2026-07-17 07:19:42
DOJI SG,145500,148500,2026-07-17 07:19:42
BTMH,142300,146300,2026-07-17 07:19:42
BTMC SJC,142300,146600,2026-07-17 07:19:42
Phú Qúy SJC,143000,146600,2026-07-17 07:19:42
PNJ TP.HCM,141500,145500,2026-07-17 07:19:42
PNJ Hà Nội,141500,145500,2026-07-17 07:19:42
SJC,143600,146600,2026-07-17 10:49:48
DOJI HN,145500,148500,2026-07-17 10:49:48
DOJI SG,145500,148500,2026-07-17 10:49:48
BTMH,142300,146300,2026-07-17 10:49:48
BTMC VRTL,142300,146300,2026-07-17 10:49:48
BTMC SJC,142300,146600,2026-07-17 10:49:48
Phú Qúy SJC,143000,146600,2026-07-17 10:49:48
PNJ TP.HCM,141500,145500,2026-07-17 10:49:48
PNJ Hà Nội,141500,145500,2026-07-17 10:49:48
SJC,143600,146600,2026-07-17 14:45:33
DOJI HN,145500,148500,2026-07-17 14:45:33
DOJI SG,145500,148500,2026-07-17 14:45:33
BTMH,142300,146300,2026-07-17 14:45:33
BTMC VRTL,142300,146300,2026-07-17 14:45:33
BTMC SJC,142300,146600,2026-07-17 14:45:33
Phú Qúy SJC,143000,146600,2026-07-17 14:45:33
PNJ TP.HCM,141500,145500,2026-07-17 14:45:33
PNJ Hà Nội,141500,145500,2026-07-17 14:45:33
SJC,144500,147500,2026-07-18 03:56:29
DOJI HN,14450,14750,2026-07-18 03:56:29
DOJI SG,14450,14750,2026-07-18 03:56:29
BTMH,142600,146600,2026-07-18 03:56:29
BTMC VRTL,142600,146600,2026-07-18 03:56:29
BTMC SJC,142600,147500,2026-07-18 03:56:29
Phú Qúy SJC,144000,147500,2026-07-18 03:56:29
PNJ TP.HCM,142500,146500,2026-07-18 03:56:29
PNJ Hà Nội,142500,146500,2026-07-18 03:56:29
SJC,144500,147500,2026-07-18 07:00:51
DOJI HN,14450,14750,2026-07-18 07:00:51
DOJI SG,14450,14750,2026-07-18 07:00:51
BTMH,142600,146600,2026-07-18 07:00:51
BTMC VRTL,142600,146600,2026-07-18 07:00:51
BTMC SJC,142600,147500,2026-07-18 07:00:51
Phú Qúy SJC,144000,147500,2026-07-18 07:00:51
PNJ TP.HCM,142500,146500,2026-07-18 07:00:51
PNJ Hà Nội,142500,146500,2026-07-18 07:00:51
SJC,144500,147500,2026-07-18 10:20:37
DOJI HN,14450,14750,2026-07-18 10:20:37
DOJI SG,14450,14750,2026-07-18 10:20:37
BTMH,142600,146600,2026-07-18 10:20:37
BTMC VRTL,142600,146600,2026-07-18 10:20:37
BTMC SJC,142600,147500,2026-07-18 10:20:37
Phú Qúy SJC,144000,147500,2026-07-18 10:20:37
PNJ TP.HCM,142500,146500,2026-07-18 10:20:37
PNJ Hà Nội,142500,146500,2026-07-18 10:20:37
SJC,144500,147500,2026-07-18 14:21:00
DOJI HN,14450,14750,2026-07-18 14:21:00
DOJI SG,14450,14750,2026-07-18 14:21:00
BTMH,142600,146600,2026-07-18 14:21:00
BTMC VRTL,142600,146600,2026-07-18 14:21:00
BTMC SJC,142600,147500,2026-07-18 14:21:00
Phú Qúy SJC,144000,147500,2026-07-18 14:21:00
PNJ TP.HCM,142500,146500,2026-07-18 14:21:00
PNJ Hà Nội,142500,146500,2026-07-18 14:21:00
SJC,144500,147500,2026-07-19 04:22:56
DOJI HN,14450,14750,2026-07-19 04:22:56
DOJI SG,14450,14750,2026-07-19 04:22:56
BTMH,142600,146600,2026-07-19 04:22:56
BTMC VRTL,142600,146600,2026-07-19 04:22:56
BTMC SJC,142600,147500,2026-07-19 04:22:56
Phú Qúy SJC,144000,147500,2026-07-19 04:22:56
PNJ TP.HCM,142500,146500,2026-07-19 04:22:56
PNJ Hà Nội,142500,146500,2026-07-19 04:22:56
SJC,144500,147500,2026-07-19 07:28:22
DOJI HN,14450,14750,2026-07-19 07:28:22
DOJI SG,14450,14750,2026-07-19 07:28:22
BTMH,142600,146600,2026-07-19 07:28:22
BTMC VRTL,142600,146600,2026-07-19 07:28:22
BTMC SJC,142600,147500,2026-07-19 07:28:22
Phú Qúy SJC,144000,147500,2026-07-19 07:28:22
PNJ TP.HCM,142500,146500,2026-07-19 07:28:22
PNJ Hà Nội,142500,146500,2026-07-19 07:28:22
SJC,144500,147500,2026-07-19 10:36:53
DOJI HN,14450,14750,2026-07-19 10:36:53
DOJI SG,14450,14750,2026-07-19 10:36:53
BTMH,142600,146600,2026-07-19 10:36:53
BTMC VRTL,142600,146600,2026-07-19 10:36:53
BTMC SJC,142600,147500,2026-07-19 10:36:53
Phú Qúy SJC,144000,147500,2026-07-19 10:36:53
PNJ TP.HCM,142500,146500,2026-07-19 10:36:53
PNJ Hà Nội,142500,146500,2026-07-19 10:36:53
SJC,144500,147500,2026-07-19 14:24:08
DOJI HN,14450,14750,2026-07-19 14:24:08
DOJI SG,14450,14750,2026-07-19 14:24:08
BTMH,142600,146600,2026-07-19 14:24:08
BTMC VRTL,142600,146600,2026-07-19 14:24:08
BTMC SJC,142600,147500,2026-07-19 14:24:08
Phú Qúy SJC,144000,147500,2026-07-19 14:24:08
PNJ TP.HCM,142500,146500,2026-07-19 14:24:08
PNJ Hà Nội,142500,146500,2026-07-19 14:24:08
SJC,144200,147200,2026-07-20 04:37:33
DOJI HN,144200,147200,2026-07-20 04:37:33
DOJI SG,144200,147200,2026-07-20 04:37:33
BTMH,142400,146400,2026-07-20 04:37:33
BTMC VRTL,142400,146400,2026-07-20 04:37:33
BTMC SJC,142400,147200,2026-07-20 04:37:33
Phú Qúy SJC,143700,147200,2026-07-20 04:37:33
PNJ TP.HCM,142200,146200,2026-07-20 04:37:33
PNJ Hà Nội,142200,146200,2026-07-20 04:37:33
SJC,143000,146000,2026-07-20 11:48:07
DOJI HN,143000,146000,2026-07-20 11:48:07
DOJI SG,143000,146000,2026-07-20 11:48:07
BTMH,142400,146400,2026-07-20 11:48:07
BTMC VRTL,142400,146400,2026-07-20 11:48:07
BTMC SJC,142400,146900,2026-07-20 11:48:07
Phú Qúy SJC,142500,146000,2026-07-20 11:48:07
PNJ TP.HCM,141000,145000,2026-07-20 11:48:07
PNJ Hà Nội,141000,145000,2026-07-20 11:48:07
SJC,143000,146000,2026-07-20 15:12:56
DOJI HN,143000,146000,2026-07-20 15:12:56
DOJI SG,143000,146000,2026-07-20 15:12:56
BTMH,142400,146400,2026-07-20 15:12:56
BTMC VRTL,142400,146400,2026-07-20 15:12:56
BTMC SJC,142400,146900,2026-07-20 15:12:56
Phú Qúy SJC,142500,146000,2026-07-20 15:12:56
PNJ TP.HCM,141000,145000,2026-07-20 15:12:56
PNJ Hà Nội,141000,145000,2026-07-20 15:12:56
SJC,143000,146000,2026-07-21 04:16:33
DOJI HN,143000,146000,2026-07-21 04:16:33
DOJI SG,143000,146000,2026-07-21 04:16:33
BTMH,143000,146000,2026-07-21 04:16:33
BTMC VRTL,142600,146600,2026-07-21 04:16:33
BTMC SJC,142600,146000,2026-07-21 04:16:33
Phú Qúy SJC,142500,146000,2026-07-21 04:16:33
PNJ TP.HCM,141000,145000,2026-07-21 04:16:33
PNJ Hà Nội,141000,145000,2026-07-21 04:16:33
SJC,144600,147600,2026-07-21 07:33:55
DOJI HN,144600,147600,2026-07-21 07:33:55
DOJI SG,144600,147600,2026-07-21 07:33:55
BTMH,144600,147600,2026-07-21 07:33:55
BTMC VRTL,142700,146700,2026-07-21 07:33:55
BTMC SJC,142600,147600,2026-07-21 07:33:55
Phú Qúy SJC,142800,146600,2026-07-21 07:33:55
PNJ TP.HCM,140000,145000,2026-07-21 07:33:55
PNJ Hà Nội,140000,145000,2026-07-21 07:33:55
SJC,143400,146400,2026-07-21 15:05:42
DOJI HN,143400,146400,2026-07-21 15:05:42
DOJI SG,143400,146400,2026-07-21 15:05:42
BTMH,143400,146400,2026-07-21 15:05:42
BTMC VRTL,143000,146700,2026-07-21 15:05:42
BTMC SJC,142600,146400,2026-07-21 15:05:42
Phú Qúy SJC,142500,146400,2026-07-21 15:05:42
PNJ TP.HCM,140200,145200,2026-07-21 15:05:42
PNJ Hà Nội,140200,145200,2026-07-21 15:05:42
SJC,144000,147000,2026-07-22 04:19:20
DOJI HN,144000,147000,2026-07-22 04:19:20
DOJI SG,144000,147000,2026-07-22 04:19:20
BTMH,143500,147000,2026-07-22 04:19:20
BTMC VRTL,143700,147500,2026-07-22 04:19:20
BTMC SJC,143700,147000,2026-07-22 04:19:20
Phú Qúy SJC,143200,147000,2026-07-22 04:19:20
PNJ TP.HCM,140800,145800,2026-07-22 04:19:20
PNJ Hà Nội,140800,145800,2026-07-22 04:19:20
SJC,142000,146000,2026-07-22 07:36:16
DOJI HN,143500,146500,2026-07-22 07:36:16
DOJI SG,143500,146500,2026-07-22 07:36:16
BTMH,143000,146500,2026-07-22 07:36:16
BTMC VRTL,143700,147500,2026-07-22 07:36:16
BTMC SJC,143700,147000,2026-07-22 07:36:16
Phú Qúy SJC,142700,146500,2026-07-22 07:36:16
PNJ TP.HCM,140500,145500,2026-07-22 07:36:16
PNJ Hà Nội,140500,145500,2026-07-22 07:36:16
SJC,142000,146000,2026-07-22 15:07:12
DOJI HN,142000,146000,2026-07-22 15:07:12
DOJI SG,142000,146000,2026-07-22 15:07:12
BTMH,142500,146000,2026-07-22 15:07:12
BTMC VRTL,143400,147200,2026-07-22 15:07:12
BTMC SJC,142000,146000,2026-07-22 15:07:12
Phú Qúy SJC,141500,146000,2026-07-22 15:07:12
PNJ TP.HCM,140000,145000,2026-07-22 15:07:12
PNJ Hà Nội,140000,145000,2026-07-22 15:07:12
SJC,135000,140000,2026-07-23 04:16:42
DOJI HN,135000,140000,2026-07-23 04:16:42
DOJI SG,135000,140000,2026-07-23 04:16:42
BTMH,138500,142000,2026-07-23 04:16:42
BTMC VRTL,138700,143200,2026-07-23 04:16:42
BTMC SJC,135000,140000,2026-07-23 04:16:42
Phú Qúy SJC,135000,140000,2026-07-23 04:16:42
PNJ TP.HCM,135000,140000,2026-07-23 04:16:42
PNJ Hà Nội,135000,140000,2026-07-23 04:16:42
SJC,135000,140000,2026-07-23 11:12:59
DOJI HN,135000,140000,2026-07-23 11:12:59
DOJI SG,135000,140000,2026-07-23 11:12:59
BTMH,139600,143600,2026-07-23 11:12:59
BTMC VRTL,139800,143600,2026-07-23 11:12:59
BTMC SJC,135000,140000,2026-07-23 11:12:59
Phú Qúy SJC,135000,140000,2026-07-23 11:12:59
PNJ TP.HCM,135000,140000,2026-07-23 11:12:59
PNJ Hà Nội,135000,140000,2026-07-23 11:12:59
SJC,135000,140000,2026-07-23 15:10:48
DOJI HN,135000,140000,2026-07-23 15:10:48
DOJI SG,135000,140000,2026-07-23 15:10:48
BTMH,139600,143600,2026-07-23 15:10:48
BTMC VRTL,139800,143600,2026-07-23 15:10:48
BTMC SJC,135000,140000,2026-07-23 15:10:48
Phú Qúy SJC,135000,140000,2026-07-23 15:10:48
PNJ TP.HCM,135000,140000,2026-07-23 15:10:48
PNJ Hà Nội,135000,140000,2026-07-23 15:10:48
SJC,134500,139500,2026-07-24 04:17:49
DOJI HN,134000,139000,2026-07-24 04:17:49
DOJI SG,134000,139000,2026-07-24 04:17:49
BTMH,138500,142500,2026-07-24 04:17:49
BTMC VRTL,138700,142500,2026-07-24 04:17:49
BTMC SJC,134000,139000,2026-07-24 04:17:49
Phú Qúy SJC,134500,139500,2026-07-24 04:17:49
PNJ TP.HCM,134500,139500,2026-07-24 04:17:49
PNJ Hà Nội,134500,139500,2026-07-24 04:17:49
SJC,135000,140000,2026-07-24 07:34:07
DOJI HN,135000,140000,2026-07-24 07:34:07
DOJI SG,135000,140000,2026-07-24 07:34:07
BTMH,138500,142500,2026-07-24 07:34:07
BTMC VRTL,138700,142500,2026-07-24 07:34:07
BTMC SJC,135000,140000,2026-07-24 07:34:07
Phú Qúy SJC,135000,140000,2026-07-24 07:34:07
PNJ TP.HCM,135000,140000,2026-07-24 07:34:07
PNJ Hà Nội,135000,140000,2026-07-24 07:34:07
SJC,135500,140500,2026-07-24 11:04:35
DOJI HN,135500,140500,2026-07-24 11:04:35
DOJI SG,135500,140500,2026-07-24 11:04:35
BTMH,138800,142600,2026-07-24 11:04:35
BTMC VRTL,138850,142650,2026-07-24 11:04:35
BTMC SJC,135500,140500,2026-07-24 11:04:35
Phú Qúy SJC,135000,140000,2026-07-24 11:04:35
PNJ TP.HCM,135500,140500,2026-07-24 11:04:35
PNJ Hà Nội,135500,140500,2026-07-24 11:04:35
SJC,135500,140500,2026-07-24 14:58:31
DOJI HN,135500,140500,2026-07-24 14:58:31
DOJI SG,135500,140500,2026-07-24 14:58:31
BTMH,138800,142600,2026-07-24 14:58:31
BTMC VRTL,138850,142650,2026-07-24 14:58:31
BTMC SJC,135500,140500,2026-07-24 14:58:31
Phú Qúy SJC,135000,140000,2026-07-24 14:58:31
PNJ TP.HCM,135500,140500,2026-07-24 14:58:31
PNJ Hà Nội,135500,140500,2026-07-24 14:58:31
SJC,137500,141500,2026-07-25 07:20:36
DOJI HN,137500,141500,2026-07-25 07:20:36
DOJI SG,137500,141500,2026-07-25 07:20:36
BTMH,138900,142700,2026-07-25 07:20:36
BTMC VRTL,138900,142700,2026-07-25 07:20:36
BTMC SJC,137500,141500,2026-07-25 07:20:36
Phú Qúy SJC,137500,141500,2026-07-25 07:20:36
PNJ TP.HCM,136200,141200,2026-07-25 07:20:36
PNJ Hà Nội,136200,141200,2026-07-25 07:20:36
SJC,137500,141500,2026-07-25 10:36:18
DOJI HN,137500,141500,2026-07-25 10:36:18
DOJI SG,137500,141500,2026-07-25 10:36:18
BTMH,138900,142700,2026-07-25 10:36:18
BTMC VRTL,138900,142700,2026-07-25 10:36:18
BTMC SJC,137500,141500,2026-07-25 10:36:18
Phú Qúy SJC,137500,141500,2026-07-25 10:36:18
PNJ TP.HCM,136200,141200,2026-07-25 10:36:18
PNJ Hà Nội,136200,141200,2026-07-25 10:36:18
SJC,137500,141500,2026-07-25 14:38:27
DOJI HN,137500,141500,2026-07-25 14:38:27
DOJI SG,137500,141500,2026-07-25 14:38:27
BTMH,138900,142700,2026-07-25 14:38:27
BTMC VRTL,138900,142700,2026-07-25 14:38:27
BTMC SJC,137500,141500,2026-07-25 14:38:27
Phú Qúy SJC,137500,141500,2026-07-25 14:38:27
PNJ TP.HCM,136200,141200,2026-07-25 14:38:27
PNJ Hà Nội,136200,141200,2026-07-25 14:38:27
SJC,137500,141500,2026-07-26 04:28:00
DOJI HN,137500,141500,2026-07-26 04:28:00
DOJI SG,137500,141500,2026-07-26 04:28:00
BTMH,138900,142700,2026-07-26 04:28:00
BTMC VRTL,138900,142700,2026-07-26 04:28:00
BTMC SJC,137500,141500,2026-07-26 04:28:00
Phú Qúy SJC,137500,141500,2026-07-26 04:28:00
PNJ TP.HCM,136200,141200,2026-07-26 04:28:00
PNJ Hà Nội,136200,141200,2026-07-26 04:28:00
SJC,137500,141500,2026-07-26 07:36:33
DOJI HN,137500,141500,2026-07-26 07:36:33
DOJI SG,137500,141500,2026-07-26 07:36:33
BTMH,138900,142700,2026-07-26 07:36:33
BTMC VRTL,138900,142700,2026-07-26 07:36:33
BTMC SJC,137500,141500,2026-07-26 07:36:33
Phú Qúy SJC,137500,141500,2026-07-26 07:36:33
PNJ TP.HCM,136200,141200,2026-07-26 07:36:33
PNJ Hà Nội,136200,141200,2026-07-26 07:36:33
SJC,137500,141500,2026-07-26 10:45:47
DOJI HN,137500,141500,2026-07-26 10:45:47
DOJI SG,137500,141500,2026-07-26 10:45:47
BTMH,138900,142700,2026-07-26 10:45:47
BTMC VRTL,138900,142700,2026-07-26 10:45:47
BTMC SJC,137500,141500,2026-07-26 10:45:47
Phú Qúy SJC,137500,141500,2026-07-26 10:45:47
PNJ TP.HCM,136200,141200,2026-07-26 10:45:47
PNJ Hà Nội,136200,141200,2026-07-26 10:45:47
SJC,139000,143000,2026-07-27 12:26:47
DOJI HN,139000,143000,2026-07-27 12:26:47
DOJI SG,139000,143000,2026-07-27 12:26:47
BTMH,140100,144000,2026-07-27 12:26:47
BTMC VRTL,140100,144000,2026-07-27 12:26:47
BTMC SJC,139000,143000,2026-07-27 12:26:47
Phú Qúy SJC,139000,143000,2026-07-27 12:26:47
PNJ TP.HCM,137600,142600,2026-07-27 12:26:47
PNJ Hà Nội,137600,142600,2026-07-27 12:26:47
SJC,139000,143000,2026-07-27 15:43:53
DOJI HN,139000,143000,2026-07-27 15:43:53
DOJI SG,139000,143000,2026-07-27 15:43:53
BTMH,140100,144000,2026-07-27 15:43:53
BTMC VRTL,140100,144000,2026-07-27 15:43:53
BTMC SJC,139000,143000,2026-07-27 15:43:53
Phú Qúy SJC,139000,143000,2026-07-27 15:43:53
PNJ TP.HCM,137600,142600,2026-07-27 15:43:53
PNJ Hà Nội,137600,142600,2026-07-27 15:43:53
SJC,137500,141500,2026-07-28 04:13:05
DOJI HN,137500,141500,2026-07-28 04:13:05
DOJI SG,137500,141500,2026-07-28 04:13:05
BTMH,138100,142000,2026-07-28 04:13:05
BTMC VRTL,138100,142000,2026-07-28 04:13:05
BTMC SJC,137500,141500,2026-07-28 04:13:05
Phú Qúy SJC,137500,141500,2026-07-28 04:13:05
PNJ TP.HCM,136200,141200,2026-07-28 04:13:05
PNJ Hà Nội,136200,141200,2026-07-28 04:13:05
SJC,137500,141500,2026-07-28 07:41:04
DOJI HN,137500,141500,2026-07-28 07:41:04
DOJI SG,137500,141500,2026-07-28 07:41:04
BTMH,138100,142000,2026-07-28 07:41:04
BTMC VRTL,138100,142000,2026-07-28 07:41:04
BTMC SJC,137500,141500,2026-07-28 07:41:04
Phú Qúy SJC,137500,141500,2026-07-28 07:41:04
PNJ TP.HCM,136200,141200,2026-07-28 07:41:04
PNJ Hà Nội,136200,141200,2026-07-28 07:41:04
SJC,137500,141500,2026-07-28 11:20:43
DOJI HN,137500,141500,2026-07-28 11:20:43
DOJI SG,137500,141500,2026-07-28 11:20:43
BTMH,138100,142000,2026-07-28 11:20:43
BTMC VRTL,138100,142000,2026-07-28 11:20:43
BTMC SJC,137500,141500,2026-07-28 11:20:43
Phú Qúy SJC,137500,141500,2026-07-28 11:20:43
PNJ TP.HCM,136200,141200,2026-07-28 11:20:43
PNJ Hà Nội,136200,141200,2026-07-28 11:20:43
SJC,137500,141500,2026-07-28 15:22:57
DOJI HN,137500,141500,2026-07-28 15:22:57
DOJI SG,137500,141500,2026-07-28 15:22:57
BTMH,138100,142000,2026-07-28 15:22:57
BTMC VRTL,138100,142000,2026-07-28 15:22:57
BTMC SJC,137500,141500,2026-07-28 15:22:57
Phú Qúy SJC,137500,141500,2026-07-28 15:22:57
PNJ TP.HCM,136200,141200,2026-07-28 15:22:57
PNJ Hà Nội,136200,141200,2026-07-28 15:22:57
Phú Qúy SJC,137100,141100,2026-07-29 14:22:16
PNJ TP.HCM,136000,140900,2026-07-29 14:22:16
PNJ Hà Nội,136000,140900,2026-07-29 14:22:16
SJC,137500,141500,2026-07-29 14:49:01
DOJI HN,137100,141100,2026-07-29 14:49:01
DOJI SG,137100,141100,2026-07-29 14:49:01
BTMH,138100,142000,2026-07-29 14:49:01
BTMC VRTL,138100,142000,2026-07-29 14:49:01
BTMC SJC,137100,141100,2026-07-29 14:49:01
Phú Qúy SJC,137100,141100,2026-07-29 14:49:01
PNJ TP.HCM,136500,141200,2026-07-29 14:49:01
PNJ Hà Nội,136500,141200,2026-07-29 14:49:01
SJC,137500,141500,2026-07-29 17:58:48
DOJI HN,137500,141500,2026-07-29 17:58:48
DOJI SG,137500,141500,2026-07-29 17:58:48
BTMH,138100,142000,2026-07-29 17:58:48
BTMC VRTL,138100,142000,2026-07-29 17:58:48
BTMC SJC,137500,141500,2026-07-29 17:58:48
Phú Qúy SJC,137100,141100,2026-07-29 17:58:48
PNJ TP.HCM,136500,141200,2026-07-29 17:58:48
PNJ Hà Nội,136500,141200,2026-07-29 17:58:48
SJC,137500,141500,2026-07-29 22:21:40
DOJI HN,137500,141500,2026-07-29 22:21:40
DOJI SG,137500,141500,2026-07-29 22:21:40
BTMH,138100,142000,2026-07-29 22:21:40
BTMC VRTL,138100,142000,2026-07-29 22:21:40
BTMC SJC,137500,141500,2026-07-29 22:21:40
Phú Qúy SJC,137100,141100,2026-07-29 22:21:40
PNJ TP.HCM,136500,141200,2026-07-29 22:21:40
PNJ Hà Nội,136500,141200,2026-07-29 22:21:40
